station_id,station_name,address,original_database_state,original_state_source,latitude,longitude,nearest_geographic_state,distance_to_nearest_state_boundary_km,distance_to_original_state_boundary_km,inside_another_malaysian_state,outside_malaysia_land_polygons,inside_full_resolution_geoboundaries_reference,inside_independent_arcgis_reference,inside_independent_gadm_reference,exact_coordinate_match_count,nearby_record_count_within_75m,nearby_record_count_within_250m,nearby_station_ids_within_75m,nearest_nearby_distance_metres,synthetic_demo_suspected,recommended_review_category,diagnostic
01cb317d-a241-46df-9d0b-03bb8a15f18e,Petronas Pengkalan Hulu,"Jalan Suria 13, 38350 Pengkalan Hulu, Perak",Perak,parsedFromAddress,5.656985,101.15732,Perak,1.941804,1.941804,false,true,false,false,false,0,0,0,,,false,boundaryAdjacent,Outside all deployed and full-resolution geoBoundaries ADM1 land polygons; nearest boundary is Perak at 1.942 km. Address state agrees; review coastal coordinate precision/source geocoding.
0278b66c-e1ad-4232-b020-1ecc4a0d78c6,Penang Sentral,"Jalan Damai 37, 15080 Butterworth, Penang",Penang,parsedFromAddress,5.41002,100.363127,Penang,0.214218,0.214218,false,true,false,false,false,0,0,0,,,false,boundaryAdjacent,Outside all deployed and full-resolution geoBoundaries ADM1 land polygons; nearest boundary is Penang at 0.214 km. Address state agrees; review coastal coordinate precision/source geocoding.
037527b8-abaa-4376-999d-f8b6a699da98,CHIAP HONG ENT PASAR SEGAR,"Jalan Mahkota 33, 54660 George Town, Penang",Penang,parsedFromAddress,5.432047,100.324719,Penang,0.351887,0.351887,false,true,false,false,false,0,0,1,,127.58,false,boundaryAdjacent,Outside all deployed and full-resolution geoBoundaries ADM1 land polygons; nearest boundary is Penang at 0.352 km. Address state agrees; review coastal coordinate precision/source geocoding.
03eac047-610f-4a79-8f0a-7f8723b9e3b9,BMW TIAN SIANG PREMIUM AUTO PENANG,"Lebuh Permai 32, 19940 George Town, Penang",Penang,parsedFromAddress,5.427239,100.339259,Penang,0.409697,0.409697,false,true,false,false,false,0,0,2,,103.62,false,boundaryAdjacent,Outside all deployed and full-resolution geoBoundaries ADM1 land polygons; nearest boundary is Penang at 0.410 km. Address state agrees; review coastal coordinate precision/source geocoding.
05328de4-f602-4986-b6c1-192db05df633,AMES HOTEL,"Lebuh Angsana 27, 19310 Melaka City, Melaka",Melaka,parsedFromAddress,2.174547,102.232818,Melaka,1.675436,1.675436,false,true,false,false,false,0,0,0,,,false,boundaryAdjacent,Outside all deployed and full-resolution geoBoundaries ADM1 land polygons; nearest boundary is Melaka at 1.675 km. Address state agrees; review coastal coordinate precision/source geocoding.
05923ecf-734a-42bc-b96c-b2597609d7c5,Forest City Golf Hotel,"Jalan Perdana 14, 88980 Forest City, Gelang Patah, Johor",Johor,parsedFromAddress,1.369038,103.64027,Johor,0.528948,0.528948,false,true,false,false,false,0,0,0,,,false,boundaryAdjacent,Outside all deployed and full-resolution geoBoundaries ADM1 land polygons; nearest boundary is Johor at 0.529 km. Address state agrees; review coastal coordinate precision/source geocoding.
068b6457-5bc5-45af-9aa0-7a94593c3f99,G-Mart Supermarket,"Lebuh Suria 9, 62710 Kota Kinabalu, Sabah",Sabah,parsedFromAddress,5.974744,116.054653,Sabah,0.340787,0.340787,false,true,false,false,false,0,0,0,,,false,boundaryAdjacent,Outside all deployed and full-resolution geoBoundaries ADM1 land polygons; nearest boundary is Sabah at 0.341 km. Address state agrees; review coastal coordinate precision/source geocoding.
06fa89fd-1e8c-4cce-869b-31e03c2aa42a,Petron Sg. Dua,"Jalan Harmoni 3, 98780 George Town, Penang",Penang,parsedFromAddress,5.425105,100.341731,Penang,0.230084,0.230084,false,true,false,false,false,0,0,1,,113.84,false,boundaryAdjacent,Outside all deployed and full-resolution geoBoundaries ADM1 land polygons; nearest boundary is Penang at 0.230 km. Address state agrees; review coastal coordinate precision/source geocoding.
086f9ac1-a45a-45c8-9569-c958054ef6ff,Caltex Bagan Nakhoda Omar,"Persiaran Wawasan 36, 45480 Sabak Bernam, Selangor",Selangor,parsedFromAddress,3.711319,100.925113,Selangor,0.060463,0.060463,false,true,false,true,true,0,0,0,,,false,missingGeometrySuspected,Outside all deployed and full-resolution geoBoundaries ADM1 land polygons; nearest boundary is Selangor at 0.060 km. At least one independent ADM1 reference contains the coordinate; compare source geometries manually without automatic reassignment.
0915a845-25be-46b5-ac53-0773b9b4289f,"PUTRA MARINE, PENANG","Jalan Bahagia 19, 48520 George Town, Penang",Penang,parsedFromAddress,5.426981,100.34624,Penang,0.62235,0.62235,false,true,false,false,false,0,0,3,,83.94,true,boundaryAdjacent,Outside all deployed and full-resolution geoBoundaries ADM1 land polygons; nearest boundary is Penang at 0.622 km. Address state agrees; review coastal coordinate precision/source geocoding.
09518b8e-8135-4126-902b-0fb1c37a1f15,Starbucks Batu Ferringhi,"Jalan Mahkota 5, 58780 Batu Ferringhi, Penang",Penang,parsedFromAddress,5.484934,100.22995,Penang,2.164769,2.164769,false,true,false,false,false,0,0,1,,156.4,false,requiresManualReview,"Outside all deployed and full-resolution geoBoundaries ADM1 land polygons; nearest boundary is Penang at 2.165 km. Address state agrees, but the 2–5 km displacement is too large for automatic boundary-adjacent treatment."
0abc8ba3-3c5d-499d-bf83-10134be28657,Petron Asajaya,"Lebuh Sri 31, 02260 Asajaya, Sarawak",Sarawak,parsedFromAddress,1.594235,110.637834,Sarawak,1.02189,1.02189,false,true,false,false,false,0,0,0,,,false,boundaryAdjacent,Outside all deployed and full-resolution geoBoundaries ADM1 land polygons; nearest boundary is Sarawak at 1.022 km. Address state agrees; review coastal coordinate precision/source geocoding.
0b9ae985-dddc-4656-a865-3d453b1681ac,Segi Fresh Jeram,"Jalan Dato 40, 52270 Jeram, Kuala Selangor, Selangor",Selangor,parsedFromAddress,3.297549,101.255456,Selangor,0.739749,0.739749,false,true,false,false,false,0,0,0,,,false,boundaryAdjacent,Outside all deployed and full-resolution geoBoundaries ADM1 land polygons; nearest boundary is Selangor at 0.740 km. Address state agrees; review coastal coordinate precision/source geocoding.
0cecd903-2b27-4be1-9dde-aa74f745aa57,BHPetrol Pulau Indah,"Lorong Semarak 30, 44320 Pulau Indah, Klang, Selangor",Selangor,parsedFromAddress,2.974653,101.320542,Selangor,0.179417,0.179417,false,true,false,false,false,0,0,0,,,false,boundaryAdjacent,Outside all deployed and full-resolution geoBoundaries ADM1 land polygons; nearest boundary is Selangor at 0.179 km. Address state agrees; review coastal coordinate precision/source geocoding.
0ed0902f-861b-4597-b52b-9d422825190e,Petronas Jln Pontian Skudai,"Lorong Harmoni 9, 93060 Pontian, Johor",Johor,parsedFromAddress,1.486074,103.376552,Johor,0.954282,0.954282,false,true,false,false,false,0,0,0,,,false,boundaryAdjacent,Outside all deployed and full-resolution geoBoundaries ADM1 land polygons; nearest boundary is Johor at 0.954 km. Address state agrees; review coastal coordinate precision/source geocoding.
0f3126fb-5a5d-4837-815c-98028cdd0a18,TF Value-Mart Kuala Kedah,"Jalan Perdana 36, 32050 Kuala Kedah, Kedah",Kedah,parsedFromAddress,6.108837,100.254607,Kedah,2.753009,2.753009,false,true,false,false,false,0,0,0,,,false,requiresManualReview,"Outside all deployed and full-resolution geoBoundaries ADM1 land polygons; nearest boundary is Kedah at 2.753 km. Address state agrees, but the 2–5 km displacement is too large for automatic boundary-adjacent treatment."
0f3c2dc1-f230-43d1-a6b9-d03b3974eafa,Shop Lots Jalan Jakar,"Jalan Paya Bunga 23, 21600 Kuala Terengganu, Terengganu",Terengganu,parsedFromAddress,5.322504,103.158928,Terengganu,0.267615,0.267615,false,true,false,false,false,0,0,0,,,false,boundaryAdjacent,Outside all deployed and full-resolution geoBoundaries ADM1 land polygons; nearest boundary is Terengganu at 0.268 km. Address state agrees; review coastal coordinate precision/source geocoding.
0f5f8600-f5e1-4e48-9e6f-aea309b79701,COURTYARD PENANG,"Jalan Indah 34, 05350 George Town, Penang",Penang,parsedFromAddress,5.429226,100.326653,Penang,0.230239,0.230239,false,true,false,false,false,0,0,1,,113.37,true,boundaryAdjacent,Outside all deployed and full-resolution geoBoundaries ADM1 land polygons; nearest boundary is Penang at 0.230 km. Address state agrees; review coastal coordinate precision/source geocoding.
11a594b4-c152-4fc6-aece-b9ded051f4bb,ONE TANJONG,"Jalan Sentosa 33, 10160 George Town, Penang",Penang,parsedFromAddress,5.42723,100.340195,Penang,0.414239,0.414239,false,true,false,false,false,0,0,2,,103.62,false,boundaryAdjacent,Outside all deployed and full-resolution geoBoundaries ADM1 land polygons; nearest boundary is Penang at 0.414 km. Address state agrees; review coastal coordinate precision/source geocoding.
12f469f5-090f-4d79-836a-2ccc760d97f3,Fajar Superstore,"Jalan Bahagia 31, 68590 Kota Kinabalu, Sabah",Sabah,parsedFromAddress,5.996231,116.084642,Sabah,0.009252,0.009252,false,true,false,true,true,0,0,0,,,true,missingGeometrySuspected,Outside all deployed and full-resolution geoBoundaries ADM1 land polygons; nearest boundary is Sabah at 0.009 km. At least one independent ADM1 reference contains the coordinate; compare source geometries manually without automatic reassignment.
1313114c-e7c7-4253-bae2-362925a2a0bf,Petron Pulau Indah,"99, Jalan Kapar, Jeram, 45800 Kuala Selangor, Selangor",Selangor,parsedFromAddress,3.224262,101.29757,Selangor,0.743323,0.743323,false,true,false,false,false,0,0,0,,,false,boundaryAdjacent,Outside all deployed and full-resolution geoBoundaries ADM1 land polygons; nearest boundary is Selangor at 0.743 km. Address state agrees; review coastal coordinate precision/source geocoding.
138e791d-e458-4d8c-9085-418bfce04f50,Pejabat Daerah Kabong,"Jalan Sultan 14, 15360 Kabong, Sarawak",Sarawak,parsedFromAddress,1.682249,111.108953,Sarawak,0.00742,0.00742,false,true,false,true,true,0,0,0,,,true,missingGeometrySuspected,Outside all deployed and full-resolution geoBoundaries ADM1 land polygons; nearest boundary is Sarawak at 0.007 km. At least one independent ADM1 reference contains the coordinate; compare source geometries manually without automatic reassignment.
166f588f-e11a-46b1-85e1-6219caf20890,TREE SQUARE,"Jalan Sultan 23, 91000 George Town, Penang",Penang,parsedFromAddress,5.401652,100.346987,Penang,1.017212,1.017212,false,true,false,false,false,0,1,3,3b11632a-4218-4842-aea6-dab4a74a71ae,50.51,true,duplicateOrNearDuplicateCoordinate,Outside all deployed and full-resolution geoBoundaries ADM1 land polygons; nearest boundary is Penang at 1.017 km. 1 other record(s) occur within 75 m; review shared/near-shared site coordinates.
16ce321e-c800-4314-8cf1-aa22ac9d1475,Caltex PK,"Jalan Suria 2, 57970 Pengkalan Kubor, Tumpat, Kelantan",Kelantan,parsedFromAddress,6.221237,102.147748,Kelantan,0.308176,0.308176,false,true,false,false,false,0,0,0,,,false,boundaryAdjacent,Outside all deployed and full-resolution geoBoundaries ADM1 land polygons; nearest boundary is Kelantan at 0.308 km. Address state agrees; review coastal coordinate precision/source geocoding.
17e0a66d-a394-4fef-b2d1-54305aa7d8b7,Pelabuhan Tanjung Pelepas,"Jalan Permai 20, 80170 Tanjung Pelepas, Gelang Patah, Johor",Johor,parsedFromAddress,1.376383,103.537011,Johor,0.328825,0.328825,false,true,false,true,false,0,0,0,,,false,missingGeometrySuspected,Outside all deployed and full-resolution geoBoundaries ADM1 land polygons; nearest boundary is Johor at 0.329 km. At least one independent ADM1 reference contains the coordinate; compare source geometries manually without automatic reassignment.
1a41cae7-650f-4dac-984d-0dfa221c6572,Straits Quay Retail Marina,"Jalan Sultan 37, 34390 Tanjung Tokong, Penang",Penang,parsedFromAddress,5.440648,100.323551,Penang,1.036362,1.036362,false,true,false,false,false,0,0,1,,231.03,true,boundaryAdjacent,Outside all deployed and full-resolution geoBoundaries ADM1 land polygons; nearest boundary is Penang at 1.036 km. Address state agrees; review coastal coordinate precision/source geocoding.
1aaae90d-bac1-4e24-a7b1-77114de78ac4,Raia Inn Penang,"Lorong Wawasan 32, 18870 Sungai Ara, Penang",Penang,parsedFromAddress,5.351382,100.314564,Penang,0.103206,0.103206,false,true,false,true,false,0,0,0,,,false,missingGeometrySuspected,Outside all deployed and full-resolution geoBoundaries ADM1 land polygons; nearest boundary is Penang at 0.103 km. At least one independent ADM1 reference contains the coordinate; compare source geometries manually without automatic reassignment.
1b65fd8e-51f2-4fc0-b77f-1d0ad9c1d6cf,Kota Marudu District Office,"Lebuh Bunga Raya 18, 84680 Kota Marudu, Sabah",Sabah,parsedFromAddress,6.688284,116.815895,Sabah,2.089988,2.089988,false,true,false,false,false,0,0,0,,,false,requiresManualReview,"Outside all deployed and full-resolution geoBoundaries ADM1 land polygons; nearest boundary is Sabah at 2.090 km. Address state agrees, but the 2–5 km displacement is too large for automatic boundary-adjacent treatment."
1c4dc759-698b-4cd1-a7c1-f9bba38ba3ff,PETRONAS - Jalan Tun Mustapha,"Jalan Impian 22, 59790 Kota Kinabalu, Sabah",Sabah,parsedFromAddress,5.999042,116.076027,Sabah,0.520267,0.520267,false,true,false,false,false,0,0,0,,,false,boundaryAdjacent,Outside all deployed and full-resolution geoBoundaries ADM1 land polygons; nearest boundary is Sabah at 0.520 km. Address state agrees; review coastal coordinate precision/source geocoding.
1cd9e92e-aa12-423d-90d9-d18dc5de2610,Lotus's Bagan Ajam,"Jalan Angsana 11, 73390 Bagan Ajam, Butterworth, Penang",Penang,parsedFromAddress,5.435508,100.371932,Penang,0.531643,0.531643,false,true,false,false,false,0,0,1,,188.92,false,boundaryAdjacent,Outside all deployed and full-resolution geoBoundaries ADM1 land polygons; nearest boundary is Penang at 0.532 km. Address state agrees; review coastal coordinate precision/source geocoding.
1cf2022b-7490-4944-82e6-ff6b4dccaafd,CKS Millennium,"Lebuh Cempaka 13, 80730 Kota Kinabalu, Sabah",Sabah,parsedFromAddress,5.999033,116.055652,Sabah,0.202635,0.202635,false,true,false,false,true,0,0,0,,,false,missingGeometrySuspected,Outside all deployed and full-resolution geoBoundaries ADM1 land polygons; nearest boundary is Sabah at 0.203 km. At least one independent ADM1 reference contains the coordinate; compare source geometries manually without automatic reassignment.
1e5f11e4-ad82-4700-a683-1e908e96905b,Petronas Kuala Penyu,"Persiaran Sri 12, 77030 Kuala Penyu, Sabah",Sabah,parsedFromAddress,5.801686,115.649288,Sabah,6.989972,6.989972,false,true,false,false,false,0,0,0,,,false,offshoreOrOutsideMalaysia,Outside all deployed and full-resolution geoBoundaries ADM1 land polygons; nearest boundary is Sabah at 6.990 km. Large displacement requires source-coordinate verification.
1f014dc1-5467-4a33-83c6-854aa408436b,PETRONAS - Jalan Saguking,"Jalan Kenanga 28, 27650 Kota Kinabalu, Sabah",Sabah,parsedFromAddress,5.998741,116.067224,Sabah,0.11399,0.11399,false,true,false,false,false,0,0,2,,96.67,false,boundaryAdjacent,Outside all deployed and full-resolution geoBoundaries ADM1 land polygons; nearest boundary is Sabah at 0.114 km. Address state agrees; review coastal coordinate precision/source geocoding.
1f4c14bb-cc30-471a-816a-d8b4e73b6480,Econsave Pontian,"Lebuh Kristal 5, 79620 Pontian, Johor",Johor,parsedFromAddress,1.469892,103.379278,Johor,1.22214,1.22214,false,true,false,false,false,0,0,0,,,false,boundaryAdjacent,Outside all deployed and full-resolution geoBoundaries ADM1 land polygons; nearest boundary is Johor at 1.222 km. Address state agrees; review coastal coordinate precision/source geocoding.
21239bdd-1d16-4858-beeb-f36f0a9e193a,NEW WORLD PARK,"Lorong Mahkota 22, 28110 George Town, Penang",Penang,parsedFromAddress,5.433515,100.339726,Penang,1.105407,1.105407,false,true,false,false,false,0,1,1,e4485522-6dde-44c5-8c5c-73ca45f7d03a,58.53,false,duplicateOrNearDuplicateCoordinate,Outside all deployed and full-resolution geoBoundaries ADM1 land polygons; nearest boundary is Penang at 1.105 km. 1 other record(s) occur within 75 m; review shared/near-shared site coordinates.
2192781b-d59f-41d5-8bae-fffe8a7a5c34,Majlis Daerah Dungun,"Jalan Panji Alam 9, 21330 Dungun, Terengganu",Terengganu,parsedFromAddress,4.768974,103.429055,Terengganu,0.577086,0.577086,false,true,false,false,false,0,0,0,,,false,boundaryAdjacent,Outside all deployed and full-resolution geoBoundaries ADM1 land polygons; nearest boundary is Terengganu at 0.577 km. Address state agrees; review coastal coordinate precision/source geocoding.
223797dc-9c9b-4aae-b9c2-06fe6f6b27e7,Petron M32 Jalan SDK-LD SS,"Persiaran Bukit 35, 49170 Kota Kinabalu, Sabah",Sabah,parsedFromAddress,5.995782,116.073223,Sabah,0.618548,0.618548,false,true,false,false,false,0,0,0,,,false,boundaryAdjacent,Outside all deployed and full-resolution geoBoundaries ADM1 land polygons; nearest boundary is Sabah at 0.619 km. Address state agrees; review coastal coordinate precision/source geocoding.
22b7469f-1271-4832-bf4f-06e14142e64d,Emporium Labuan,"Lebuh Bahagia 15, 87350 Labuan, Labuan",Labuan,parsedFromAddress,5.267751,115.213502,Labuan,0.965723,0.965723,false,true,false,false,false,0,0,0,,,true,boundaryAdjacent,Outside all deployed and full-resolution geoBoundaries ADM1 land polygons; nearest boundary is Labuan at 0.966 km. Address state agrees; review coastal coordinate precision/source geocoding.
22bcc44b-86d4-4573-82f9-944238dc104c,INTEL PENANG PG15,"Jalan Besar 18, 83470 George Town, Penang",Penang,parsedFromAddress,5.426358,100.336729,Penang,0.297459,0.297459,false,true,false,false,false,0,0,2,,183.25,false,boundaryAdjacent,Outside all deployed and full-resolution geoBoundaries ADM1 land polygons; nearest boundary is Penang at 0.297 km. Address state agrees; review coastal coordinate precision/source geocoding.
22e15ed7-e908-4c69-aa2d-03880a4001ad,Penang Turf Club,"Lorong Utama 20, 79910 Batu Gantung, Penang",Penang,parsedFromAddress,5.393917,100.333821,Penang,0.576332,0.576332,false,true,false,false,false,0,0,1,,246.92,true,boundaryAdjacent,Outside all deployed and full-resolution geoBoundaries ADM1 land polygons; nearest boundary is Penang at 0.576 km. Address state agrees; review coastal coordinate precision/source geocoding.
25934501-0e63-4f99-9f2e-e8aefef62da1,Shell Mukah,"Lebuh Bukit 10, 97110 Mukah, Sarawak",Sarawak,parsedFromAddress,2.915969,112.07034,Sarawak,0.955827,0.955827,false,true,false,false,false,0,0,0,,,false,boundaryAdjacent,Outside all deployed and full-resolution geoBoundaries ADM1 land polygons; nearest boundary is Sarawak at 0.956 km. Address state agrees; review coastal coordinate precision/source geocoding.
260046f5-6c05-433f-ba82-5e5f1572908a,FamilyMart Caltex Raja Uda,"Jalan Damai 32, 56590 Raja Uda, Butterworth, Penang",Penang,parsedFromAddress,5.390245,100.353378,Penang,1.156029,1.156029,false,true,false,false,false,0,0,0,,,false,boundaryAdjacent,Outside all deployed and full-resolution geoBoundaries ADM1 land polygons; nearest boundary is Penang at 1.156 km. Address state agrees; review coastal coordinate precision/source geocoding.
268c86b0-3065-48d1-95bb-861497ee7ddf,McDonald's Pontian DT,"Persiaran Indah 36, 61650 Pontian, Johor",Johor,parsedFromAddress,1.481138,103.377013,Johor,0.699918,0.699918,false,true,false,false,false,0,0,0,,,true,boundaryAdjacent,Outside all deployed and full-resolution geoBoundaries ADM1 land polygons; nearest boundary is Johor at 0.700 km. Address state agrees; review coastal coordinate precision/source geocoding.
27af3cfe-f44d-4598-a109-ceb4e0a8f1d6,Petronas Bagan Lalang,"Persiaran Kenanga 15, 46860 Butterworth, Penang",Penang,parsedFromAddress,5.401185,100.360933,Penang,0.326949,0.326949,false,true,false,false,false,0,0,0,,,false,boundaryAdjacent,Outside all deployed and full-resolution geoBoundaries ADM1 land polygons; nearest boundary is Penang at 0.327 km. Address state agrees; review coastal coordinate precision/source geocoding.
28b1b78c-be6e-45bf-9fc6-bba6f3a1b094,SWAN GARDEN HOTEL,"Lorong Tanjung 36, 76910 Melaka City, Melaka",Melaka,parsedFromAddress,2.178764,102.24775,Melaka,0.686347,0.686347,false,true,false,false,false,0,0,0,,,false,boundaryAdjacent,Outside all deployed and full-resolution geoBoundaries ADM1 land polygons; nearest boundary is Melaka at 0.686 km. Address state agrees; review coastal coordinate precision/source geocoding.
28ca3cc7-3e6d-412c-be65-19b34658c74c,ENGINEERING BUILDING - PENGERANG,"Persiaran Cendana 23, 33140 Pengerang, Kota Tinggi, Johor",Johor,parsedFromAddress,1.363449,104.09696,Johor,0.44992,0.44992,false,true,false,false,false,0,0,0,,,false,boundaryAdjacent,Outside all deployed and full-resolution geoBoundaries ADM1 land polygons; nearest boundary is Johor at 0.450 km. Address state agrees; review coastal coordinate precision/source geocoding.
2a657621-abc0-4def-bc01-295414dbafd4,Sabah Golf & Country Club,"Lebuh Wawasan 26, 18890 Kota Kinabalu, Sabah",Sabah,parsedFromAddress,5.99206,116.056125,Sabah,0.668277,0.668277,false,true,false,false,false,0,0,0,,,false,boundaryAdjacent,Outside all deployed and full-resolution geoBoundaries ADM1 land polygons; nearest boundary is Sabah at 0.668 km. Address state agrees; review coastal coordinate precision/source geocoding.
2afb8a5c-cf23-44ee-8b56-522ff8711cb4,Pejabat Daerah dan Tanah Port Dickson,"Jalan Perdana 9, 34030 Port Dickson, Negeri Sembilan",Negeri Sembilan,parsedFromAddress,2.536578,101.786862,Negeri Sembilan,0.551603,0.551603,false,true,false,false,false,0,0,0,,,false,boundaryAdjacent,Outside all deployed and full-resolution geoBoundaries ADM1 land polygons; nearest boundary is Negeri Sembilan at 0.552 km. Address state agrees; review coastal coordinate precision/source geocoding.
2b6a39c8-737b-44e4-bb35-5e8d3bc749e1,LOTUS'S PENANG EGATE,"Lorong Kenanga 17, 05340 George Town, Penang",Penang,parsedFromAddress,5.431435,100.329415,Penang,0.609093,0.609093,false,true,false,false,false,0,0,1,,141.25,false,boundaryAdjacent,Outside all deployed and full-resolution geoBoundaries ADM1 land polygons; nearest boundary is Penang at 0.609 km. Address state agrees; review coastal coordinate precision/source geocoding.
2d01dd6a-35e9-40d5-b22f-3b4e098b85df,Petronas Bagan Ajam,"Lorong Semarak 4, 40210 Bagan Ajam, Butterworth, Penang",Penang,parsedFromAddress,5.443985,100.360639,Penang,1.95698,1.95698,false,true,false,false,false,0,0,0,,,false,boundaryAdjacent,Outside all deployed and full-resolution geoBoundaries ADM1 land polygons; nearest boundary is Penang at 1.957 km. Address state agrees; review coastal coordinate precision/source geocoding.
2d0ba17e-964a-497d-a124-b8db523e8983,KOMTAR Penang,"Lorong Perdana 9, 13650 George Town, Penang",Penang,parsedFromAddress,5.427112,100.33373,Penang,0.362973,0.362973,false,true,false,false,false,0,0,3,,123.24,false,boundaryAdjacent,Outside all deployed and full-resolution geoBoundaries ADM1 land polygons; nearest boundary is Penang at 0.363 km. Address state agrees; review coastal coordinate precision/source geocoding.
2de3201d-cdef-44df-b5a8-3919a3af17c2,"PROTON PESAT CTM, KUANTAN PAHANG","Lorong Indah 25, 32450 Kuantan, Pahang",Pahang,parsedFromAddress,3.795297,103.342838,Pahang,0.277912,0.277912,false,true,false,false,false,0,0,2,,143.15,true,boundaryAdjacent,Outside all deployed and full-resolution geoBoundaries ADM1 land polygons; nearest boundary is Pahang at 0.278 km. Address state agrees; review coastal coordinate precision/source geocoding.
2e52655d-132b-4d93-8e22-386007f87f75,STARBUCKS HILLSIDE DT,"Jalan Sri 20, 79810 Tanjung Bungah, Penang",Penang,parsedFromAddress,5.442852,100.325254,Penang,1.344542,1.344542,false,true,false,false,false,0,0,1,,185.59,false,boundaryAdjacent,Outside all deployed and full-resolution geoBoundaries ADM1 land polygons; nearest boundary is Penang at 1.345 km. Address state agrees; review coastal coordinate precision/source geocoding.
2eb0f487-10e3-4ee4-a012-ed0c52846eca,KTCC Mall,"Lorong Rhu Rendang 26, 21610 Kuala Terengganu, Terengganu",Terengganu,parsedFromAddress,5.348275,103.148023,Terengganu,0.276986,0.276986,false,true,false,false,false,0,0,0,,,false,boundaryAdjacent,Outside all deployed and full-resolution geoBoundaries ADM1 land polygons; nearest boundary is Terengganu at 0.277 km. Address state agrees; review coastal coordinate precision/source geocoding.
2ecf3f85-66dc-4607-83cb-2787a865cd95,Shell,"Lebuh Tun Razak 29, 77280 George Town, Penang",Penang,parsedFromAddress,5.399266,100.346897,Penang,1.130943,1.130943,false,true,false,false,false,0,1,5,c511e9f6-1fa6-4524-8e49-a314609ecf63,63.81,false,duplicateOrNearDuplicateCoordinate,Outside all deployed and full-resolution geoBoundaries ADM1 land polygons; nearest boundary is Penang at 1.131 km. 1 other record(s) occur within 75 m; review shared/near-shared site coordinates.
2f85fcd5-fdc4-46b9-ad49-5b65db8dcc2b,Proton e.MAS Kuantan HK Electra,"Persiaran Tun 38, 94370 Kuantan, Pahang",Pahang,parsedFromAddress,3.791183,103.343191,Pahang,0.409462,0.409462,false,true,false,false,false,0,0,0,,,false,boundaryAdjacent,Outside all deployed and full-resolution geoBoundaries ADM1 land polygons; nearest boundary is Pahang at 0.409 km. Address state agrees; review coastal coordinate precision/source geocoding.
3216eb13-c3b1-4db2-88cd-0d34338920d9,Menara Kinabalu/Pusat Pentadbiran Negeri Sabah (PPNS),"Lebuh Sultan 33, 74890 Kota Kinabalu, Sabah",Sabah,parsedFromAddress,5.97905,116.056158,Sabah,0.301623,0.301623,false,true,false,false,false,0,0,1,,227.31,true,boundaryAdjacent,Outside all deployed and full-resolution geoBoundaries ADM1 land polygons; nearest boundary is Sabah at 0.302 km. Address state agrees; review coastal coordinate precision/source geocoding.
33678219-4b28-4bed-8e8a-f3771ef38124,ST GILES HOTEL,"Jalan Merdeka 38, 41640 George Town, Penang",Penang,parsedFromAddress,5.394258,100.336025,Penang,0.71359,0.71359,false,true,false,false,false,0,0,2,,148.8,false,boundaryAdjacent,Outside all deployed and full-resolution geoBoundaries ADM1 land polygons; nearest boundary is Penang at 0.714 km. Address state agrees; review coastal coordinate precision/source geocoding.
35418755-38a2-40d5-844c-2e78d5040364,Lexis Suites Penang,"Persiaran Bunga Raya 8, 18170 George Town, Penang",Penang,parsedFromAddress,5.433955,100.320223,Penang,0.222752,0.222752,false,true,false,false,false,0,0,0,,,false,boundaryAdjacent,Outside all deployed and full-resolution geoBoundaries ADM1 land polygons; nearest boundary is Penang at 0.223 km. Address state agrees; review coastal coordinate precision/source geocoding.
35d6c1c0-8074-49b2-8bb6-8c72b6913a09,PETRONAS - Jalan Pohon Batu,"Jalan Semarak 17, 24840 Kota Kinabalu, Sabah",Sabah,parsedFromAddress,5.975577,116.05753,Sabah,0.056462,0.056462,false,true,false,false,false,0,0,0,,,false,boundaryAdjacent,Outside all deployed and full-resolution geoBoundaries ADM1 land polygons; nearest boundary is Sabah at 0.056 km. Address state agrees; review coastal coordinate precision/source geocoding.
36c41551-11e4-4fc2-b66d-06d02896060b,Petron Simpang Jalan Rozhan,"Jalan Sri 6, 24670 George Town, Penang",Penang,parsedFromAddress,5.411889,100.339254,Penang,0.001634,0.001634,false,true,false,false,true,0,0,3,,81.76,false,missingGeometrySuspected,Outside all deployed and full-resolution geoBoundaries ADM1 land polygons; nearest boundary is Penang at 0.002 km. At least one independent ADM1 reference contains the coordinate; compare source geometries manually without automatic reassignment.
3b11632a-4218-4842-aea6-dab4a74a71ae,Shell,"Jalan Harmoni 27, 29530 George Town, Penang",Penang,parsedFromAddress,5.401258,100.347214,Penang,1.059084,1.059084,false,true,false,false,false,0,1,4,166f588f-e11a-46b1-85e1-6219caf20890,50.51,false,duplicateOrNearDuplicateCoordinate,Outside all deployed and full-resolution geoBoundaries ADM1 land polygons; nearest boundary is Penang at 1.059 km. 1 other record(s) occur within 75 m; review shared/near-shared site coordinates.
3b331bd7-50eb-4a91-a124-7dff1e4fee8e,Borneo Beach Villas,"Lebuh Harmoni 16, 20060 Kota Kinabalu, Sabah",Sabah,parsedFromAddress,6.000311,116.084535,Sabah,0.20686,0.20686,false,true,false,false,false,0,1,1,cb74628b-06d8-496f-a546-f3268d685e15,17.33,false,duplicateOrNearDuplicateCoordinate,Outside all deployed and full-resolution geoBoundaries ADM1 land polygons; nearest boundary is Sabah at 0.207 km. 1 other record(s) occur within 75 m; review shared/near-shared site coordinates.
3be5ea65-4dbf-49e2-8800-6433ee7e9ec1,Setia Welcome Centre Spice,"Jalan Tun Razak 11, 57540 Bayan Baru, Penang",Penang,parsedFromAddress,5.342754,100.317717,Penang,0.603939,0.603939,false,true,false,false,false,0,0,0,,,false,boundaryAdjacent,Outside all deployed and full-resolution geoBoundaries ADM1 land polygons; nearest boundary is Penang at 0.604 km. Address state agrees; review coastal coordinate precision/source geocoding.
3e60a131-5eeb-4756-9905-fc813044d15a,Caltex Jalan Song Ban Kheng,"Persiaran Bunga Raya 9, 84420 Butterworth, Penang",Penang,parsedFromAddress,5.386319,100.358261,Penang,0.751133,0.751133,false,true,false,false,false,0,0,1,,87.09,false,boundaryAdjacent,Outside all deployed and full-resolution geoBoundaries ADM1 land polygons; nearest boundary is Penang at 0.751 km. Address state agrees; review coastal coordinate precision/source geocoding.
3f74e09c-6729-4216-9262-79acb2e55da4,EASTERN & ORIENTAL HOTEL,"Lebuh Indah 13, 97160 George Town, Penang",Penang,parsedFromAddress,5.406089,100.347632,Penang,0.84215,0.84215,false,true,false,false,false,0,0,1,,170.9,true,boundaryAdjacent,Outside all deployed and full-resolution geoBoundaries ADM1 land polygons; nearest boundary is Penang at 0.842 km. Address state agrees; review coastal coordinate precision/source geocoding.
40b6867d-877b-4bed-9aef-9f78669afa88,PERBADANAN KEMAJUAN PERTANIAN NEGERI PAHANG (GAMBUT),"Lebuh Tun Razak 14, 01220 Kuantan, Pahang",Pahang,parsedFromAddress,3.796098,103.343848,Pahang,0.376166,0.376166,false,true,false,false,false,0,0,1,,143.15,false,boundaryAdjacent,Outside all deployed and full-resolution geoBoundaries ADM1 land polygons; nearest boundary is Pahang at 0.376 km. Address state agrees; review coastal coordinate precision/source geocoding.
40b710eb-4ab4-4778-bbbb-985d8399e299,Shell,"Lebuh Sri 25, 41510 George Town, Penang",Penang,parsedFromAddress,5.400269,100.337267,Penang,0.314473,0.314473,false,true,false,false,false,0,0,1,,239.99,false,boundaryAdjacent,Outside all deployed and full-resolution geoBoundaries ADM1 land polygons; nearest boundary is Penang at 0.314 km. Address state agrees; review coastal coordinate precision/source geocoding.
40f39d39-a16b-48c7-9d8a-e3244bc044c0,Bataras Superstore Kingfisher,"Jalan Impian 7, 11580 Kota Kinabalu, Sabah",Sabah,parsedFromAddress,5.993883,116.07607,Sabah,0.240619,0.240619,false,true,false,false,false,0,1,2,87add44e-a395-4c69-8394-a20d33a66b73,16.06,false,duplicateOrNearDuplicateCoordinate,Outside all deployed and full-resolution geoBoundaries ADM1 land polygons; nearest boundary is Sabah at 0.241 km. 1 other record(s) occur within 75 m; review shared/near-shared site coordinates.
41d8e02c-2f85-48fa-b276-4e0b1f11a5c0,Petronas,"Jalan Tanjung 20, 54550 Kota Kinabalu, Sabah",Sabah,parsedFromAddress,5.986577,116.06239,Sabah,0.797004,0.797004,false,true,false,false,false,0,0,0,,,false,boundaryAdjacent,Outside all deployed and full-resolution geoBoundaries ADM1 land polygons; nearest boundary is Sabah at 0.797 km. Address state agrees; review coastal coordinate precision/source geocoding.
42b68d0e-9f0d-4b56-9867-108f2e08110a,Butterworth Arena,"Jalan Impian 2, 43640 Butterworth, Penang",Penang,parsedFromAddress,5.410245,100.354751,Penang,1.137016,1.137016,false,true,false,false,false,0,0,1,,164.91,false,boundaryAdjacent,Outside all deployed and full-resolution geoBoundaries ADM1 land polygons; nearest boundary is Penang at 1.137 km. Address state agrees; review coastal coordinate precision/source geocoding.
42f441b4-0535-4dbe-b905-f7e3ec3d9571,BERJAYA CONDOMINIUM,"Lebuh Cempaka 1, 41850 George Town, Penang",Penang,parsedFromAddress,5.41633,100.345043,Penang,0.07897,0.07897,false,true,false,false,true,0,0,0,,,false,missingGeometrySuspected,Outside all deployed and full-resolution geoBoundaries ADM1 land polygons; nearest boundary is Penang at 0.079 km. At least one independent ADM1 reference contains the coordinate; compare source geometries manually without automatic reassignment.
43be9b48-ef57-477e-b530-630ae6ddefe5,Starbucks Danga Bay,"Jalan Baru 2, 06020 Danga Bay, Johor Bahru, Johor",Johor,parsedFromAddress,1.456676,103.711834,Johor,0.759506,0.759506,false,true,false,false,false,0,0,0,,,false,boundaryAdjacent,Outside all deployed and full-resolution geoBoundaries ADM1 land polygons; nearest boundary is Johor at 0.760 km. Address state agrees; review coastal coordinate precision/source geocoding.
445494b4-f79f-492b-85b9-174b637be468,Larkin Sentral,"Jalan Tun Razak 30, 15700 Larkin, Johor Bahru, Johor",Johor,parsedFromAddress,1.475475,103.722161,Johor,0.103566,0.103566,false,true,false,true,false,0,0,2,,93.42,false,missingGeometrySuspected,Outside all deployed and full-resolution geoBoundaries ADM1 land polygons; nearest boundary is Johor at 0.104 km. At least one independent ADM1 reference contains the coordinate; compare source geometries manually without automatic reassignment.
4539079f-02ef-4ba1-b3dd-a0a32c2bed7e,PEJABAT POS BESAR MELAKA,"Lorong Anggerik 38, 39680 Melaka City, Melaka",Melaka,parsedFromAddress,2.184606,102.240301,Melaka,0.316126,0.316126,false,true,false,false,false,0,0,0,,,false,boundaryAdjacent,Outside all deployed and full-resolution geoBoundaries ADM1 land polygons; nearest boundary is Melaka at 0.316 km. Address state agrees; review coastal coordinate precision/source geocoding.
456cb886-85f2-4756-9b60-268ad599e12a,BS FRESHMART TANJUNG GEMOK,"Jalan Utama 26, 68680 Rompin, Pahang",Pahang,parsedFromAddress,2.922641,103.601834,Pahang,17.106088,17.106088,false,true,false,false,false,0,0,0,,,true,offshoreOrOutsideMalaysia,Outside all deployed and full-resolution geoBoundaries ADM1 land polygons; nearest boundary is Pahang at 17.106 km. Large displacement requires source-coordinate verification.
4747b259-e27e-483d-a6a1-cfbb7bc8c621,TKK MART ASAJAYA,"Jalan Indah 15, 13430 Asajaya, Sarawak",Sarawak,parsedFromAddress,1.590185,110.639196,Sarawak,0.565399,0.565399,false,true,false,false,false,0,0,0,,,true,boundaryAdjacent,Outside all deployed and full-resolution geoBoundaries ADM1 land polygons; nearest boundary is Sarawak at 0.565 km. Address state agrees; review coastal coordinate precision/source geocoding.
48b071c3-064b-4720-a46c-5cc964fc5eb6,Econsave Raja Uda (Hypermarket | Wholesale),"Jalan Wawasan 34, 93420 Raja Uda, Butterworth, Penang",Penang,parsedFromAddress,5.41606,100.359553,Penang,0.620675,0.620675,false,true,false,false,false,0,0,0,,,false,boundaryAdjacent,Outside all deployed and full-resolution geoBoundaries ADM1 land polygons; nearest boundary is Penang at 0.621 km. Address state agrees; review coastal coordinate precision/source geocoding.
4a4fa454-6447-4cd5-b8b9-a5ae78dad966,Petron Taman Sri Muda,"71, Jalan Kapar, Jeram, 45800 Kuala Selangor, Selangor",Selangor,parsedFromAddress,3.229233,101.297604,Selangor,0.53661,0.53661,false,true,false,false,false,0,0,0,,,false,boundaryAdjacent,Outside all deployed and full-resolution geoBoundaries ADM1 land polygons; nearest boundary is Selangor at 0.537 km. Address state agrees; review coastal coordinate precision/source geocoding.
4ac51e57-19bf-43e9-9dfa-92ce0d61c41a,Malacca Sentral Bus,"Persiaran Kristal 26, 52980 Melaka City, Melaka",Melaka,parsedFromAddress,2.170801,102.254813,Melaka,1.277166,1.277166,false,true,false,false,false,0,0,0,,,false,boundaryAdjacent,Outside all deployed and full-resolution geoBoundaries ADM1 land polygons; nearest boundary is Melaka at 1.277 km. Address state agrees; review coastal coordinate precision/source geocoding.
4acc66e8-d620-4ccd-a7fe-2d6749d1da38,CYCLE & CARRIAGE BUKIT TENGAH,"Jalan Utama 9, 50890 George Town, Penang",Penang,parsedFromAddress,5.424233,100.333673,Penang,0.044758,0.044758,false,true,false,false,false,0,0,1,,143.89,true,boundaryAdjacent,Outside all deployed and full-resolution geoBoundaries ADM1 land polygons; nearest boundary is Penang at 0.045 km. Address state agrees; review coastal coordinate precision/source geocoding.
4bb172a1-3c1b-4ba5-a2c0-ac53bd5d49b2,Petronas,"Jalan Anggerik 16, 50470 George Town, Penang",Penang,parsedFromAddress,5.39833,100.336315,Penang,0.373279,0.373279,false,true,false,false,false,0,0,3,,84.35,false,boundaryAdjacent,Outside all deployed and full-resolution geoBoundaries ADM1 land polygons; nearest boundary is Penang at 0.373 km. Address state agrees; review coastal coordinate precision/source geocoding.
4bd64bbb-d780-4c5f-b6e6-510dbc2dc10a,Vedro Mall Melaka,"Lorong Semarak 15, 76100 Melaka City, Melaka",Melaka,parsedFromAddress,2.177112,102.239321,Melaka,1.0515,1.0515,false,true,false,false,false,0,0,2,,224.56,false,boundaryAdjacent,Outside all deployed and full-resolution geoBoundaries ADM1 land polygons; nearest boundary is Melaka at 1.052 km. Address state agrees; review coastal coordinate precision/source geocoding.
4bfbfe37-8368-4fe0-8638-0a5fac08423a,ICONIC HOTEL,"Lorong Merdeka 8, 43710 George Town, Penang",Penang,parsedFromAddress,5.415367,100.348687,Penang,0.318618,0.318618,false,true,false,false,false,0,0,1,,115.61,false,boundaryAdjacent,Outside all deployed and full-resolution geoBoundaries ADM1 land polygons; nearest boundary is Penang at 0.319 km. Address state agrees; review coastal coordinate precision/source geocoding.
4c4b83a5-5b1a-44f4-81c6-0fe0c7fb2a83,Pasaraya Wakaf Ummah,"Jalan Air Putih 3, 21790 Kuala Terengganu, Terengganu",Terengganu,parsedFromAddress,5.348358,103.154747,Terengganu,0.582292,0.582292,false,true,false,false,false,0,0,0,,,false,boundaryAdjacent,Outside all deployed and full-resolution geoBoundaries ADM1 land polygons; nearest boundary is Terengganu at 0.582 km. Address state agrees; review coastal coordinate precision/source geocoding.
4e234351-a9d8-46cc-89fa-7ff9d644e036,Petron Bandar Dungun Southbound,"Jalan Rhu Rendang 36, 23310 Dungun, Terengganu",Terengganu,parsedFromAddress,4.751934,103.438247,Terengganu,1.347688,1.347688,false,true,false,false,false,0,0,0,,,false,boundaryAdjacent,Outside all deployed and full-resolution geoBoundaries ADM1 land polygons; nearest boundary is Terengganu at 1.348 km. Address state agrees; review coastal coordinate precision/source geocoding.
4f2ed8bf-a9fa-4f03-b136-225c220b2316,MITC Melaka,"Persiaran Baru 37, 85090 Melaka City, Melaka",Melaka,parsedFromAddress,2.176108,102.237377,Melaka,1.268196,1.268196,false,true,false,false,false,0,0,3,,100.84,false,boundaryAdjacent,Outside all deployed and full-resolution geoBoundaries ADM1 land polygons; nearest boundary is Melaka at 1.268 km. Address state agrees; review coastal coordinate precision/source geocoding.
4ff8eafe-00d2-4550-bb1f-9da0775a6550,STARBUCKS PORT DICKSON DT,"Persiaran Merdeka 15, 06210 Port Dickson, Negeri Sembilan",Negeri Sembilan,parsedFromAddress,2.532356,101.780204,Negeri Sembilan,1.014799,1.014799,false,true,false,false,false,0,0,0,,,false,boundaryAdjacent,Outside all deployed and full-resolution geoBoundaries ADM1 land polygons; nearest boundary is Negeri Sembilan at 1.015 km. Address state agrees; review coastal coordinate precision/source geocoding.
50473944-4dd6-46d0-a49f-05275e0a3464,BMW SEONG HOE PREMIUM MOTORS,"Persiaran Indah 28, 42920 Melaka City, Melaka",Melaka,parsedFromAddress,2.170128,102.233846,Melaka,2.032868,2.032868,false,true,false,false,false,0,0,0,,,true,requiresManualReview,"Outside all deployed and full-resolution geoBoundaries ADM1 land polygons; nearest boundary is Melaka at 2.033 km. Address state agrees, but the 2–5 km displacement is too large for automatic boundary-adjacent treatment."
515ba3af-e8a1-4a9e-8a56-9a8da56f61b9,Mesra Mall,"Jalan Tengku Sri 13, 22260 Kuala Terengganu, Terengganu",Terengganu,parsedFromAddress,5.338169,103.155861,Terengganu,0.0986,0.0986,false,true,false,false,false,0,0,0,,,false,boundaryAdjacent,Outside all deployed and full-resolution geoBoundaries ADM1 land polygons; nearest boundary is Terengganu at 0.099 km. Address state agrees; review coastal coordinate precision/source geocoding.
52e3c6dc-7947-4fe0-9363-c84f22996ac1,East Coast Mall,"Jalan Angsana 40, 10650 Kuantan, Pahang",Pahang,parsedFromAddress,3.795491,103.34133,Pahang,0.109066,0.109066,false,true,false,false,false,0,0,2,,112.75,false,boundaryAdjacent,Outside all deployed and full-resolution geoBoundaries ADM1 land polygons; nearest boundary is Pahang at 0.109 km. Address state agrees; review coastal coordinate precision/source geocoding.
52e6d2ba-d26f-4acd-9908-8feb689cbba1,Wisma Darul Iman,"Jalan Rantau 12, 21510 Kuala Terengganu, Terengganu",Terengganu,parsedFromAddress,5.346591,103.152092,Terengganu,0.252603,0.252603,false,true,false,false,false,0,0,1,,145.82,false,boundaryAdjacent,Outside all deployed and full-resolution geoBoundaries ADM1 land polygons; nearest boundary is Terengganu at 0.253 km. Address state agrees; review coastal coordinate precision/source geocoding.
53a89f26-d194-4975-bd2a-f68fd8e002fa,Penang Club,"Jalan Kenanga 2, 12680 George Town, Penang",Penang,parsedFromAddress,5.433939,100.327473,Penang,0.702128,0.702128,false,true,false,false,false,0,0,0,,,false,boundaryAdjacent,Outside all deployed and full-resolution geoBoundaries ADM1 land polygons; nearest boundary is Penang at 0.702 km. Address state agrees; review coastal coordinate precision/source geocoding.
545b606d-9afc-410c-927b-832e01922a19,THE REEF,"Jalan Indah 26, 27190 George Town, Penang",Penang,parsedFromAddress,5.421847,100.345704,Penang,0.114006,0.114006,false,true,false,false,false,0,0,1,,148.03,true,boundaryAdjacent,Outside all deployed and full-resolution geoBoundaries ADM1 land polygons; nearest boundary is Penang at 0.114 km. Address state agrees; review coastal coordinate precision/source geocoding.
54931d1e-7fe5-4f9f-9c9a-b48f4be6620a,Caltex Mersing,"Jalan Perdana 21, 53830 Mersing, Johor",Johor,parsedFromAddress,2.439706,103.845692,Johor,0.661239,0.661239,false,true,false,false,false,0,0,0,,,false,boundaryAdjacent,Outside all deployed and full-resolution geoBoundaries ADM1 land polygons; nearest boundary is Johor at 0.661 km. Address state agrees; review coastal coordinate precision/source geocoding.
54a21cf4-802a-4335-9574-5d18b41dce77,DOUBLETREE RESORT BY HILTON PENANG,"Jalan Impian 9, 56800 George Town, Penang",Penang,parsedFromAddress,5.425311,100.334392,Penang,0.168035,0.168035,false,true,false,false,false,0,0,3,,143.89,false,boundaryAdjacent,Outside all deployed and full-resolution geoBoundaries ADM1 land polygons; nearest boundary is Penang at 0.168 km. Address state agrees; review coastal coordinate precision/source geocoding.
5532f718-b37d-46d0-905e-72d649a30132,PETRON Tanjung Gemok.,"Jalan Bukit 3, 18790 Rompin, Pahang",Pahang,parsedFromAddress,2.911326,103.61516,Pahang,17.377917,17.377917,false,true,false,false,false,0,0,0,,,false,offshoreOrOutsideMalaysia,Outside all deployed and full-resolution geoBoundaries ADM1 land polygons; nearest boundary is Pahang at 17.378 km. Large displacement requires source-coordinate verification.
55a2a6ed-6c1d-427d-8779-61e968a2504a,Petron,"Jalan Bahagia 29, 30430 George Town, Penang",Penang,parsedFromAddress,5.397807,100.343983,Penang,0.977186,0.977186,false,true,false,false,false,0,0,4,,117.31,true,boundaryAdjacent,Outside all deployed and full-resolution geoBoundaries ADM1 land polygons; nearest boundary is Penang at 0.977 km. Address state agrees; review coastal coordinate precision/source geocoding.
564767ce-3aa2-4d21-8642-e1a37acb7ab7,Bataras Hypermarket,"Persiaran Tun Razak 16, 43400 Kota Kinabalu, Sabah",Sabah,parsedFromAddress,5.995177,116.056495,Sabah,0.323985,0.323985,false,true,false,false,true,0,0,0,,,false,missingGeometrySuspected,Outside all deployed and full-resolution geoBoundaries ADM1 land polygons; nearest boundary is Sabah at 0.324 km. At least one independent ADM1 reference contains the coordinate; compare source geometries manually without automatic reassignment.
56a5cee5-1269-434d-b7b3-bf9f04199031,Tawau Tanjung Market,"Jalan Bunga Raya 38, 63550 Tawau, Sabah",Sabah,parsedFromAddress,4.241626,117.870695,Sabah,1.007883,1.007883,false,true,false,false,false,0,0,0,,,false,boundaryAdjacent,Outside all deployed and full-resolution geoBoundaries ADM1 land polygons; nearest boundary is Sabah at 1.008 km. Address state agrees; review coastal coordinate precision/source geocoding.
573263ec-acfe-407d-a6c8-9344d9ab2090,Shell,"Persiaran Wawasan 21, 77690 George Town, Penang",Penang,parsedFromAddress,5.398658,100.335628,Penang,0.302661,0.302661,false,true,false,false,false,0,0,2,,84.35,false,boundaryAdjacent,Outside all deployed and full-resolution geoBoundaries ADM1 land polygons; nearest boundary is Penang at 0.303 km. Address state agrees; review coastal coordinate precision/source geocoding.
59a0afb6-2a48-4846-8462-27d6dfea960c,Servay Jaya Kota Marudu,"Persiaran Indah 36, 45520 Kota Marudu, Sabah",Sabah,parsedFromAddress,6.671844,116.828421,Sabah,4.046255,4.046255,false,true,false,false,false,0,0,0,,,true,requiresManualReview,"Outside all deployed and full-resolution geoBoundaries ADM1 land polygons; nearest boundary is Sabah at 4.046 km. Address state agrees, but the 2–5 km displacement is too large for automatic boundary-adjacent treatment."
5a37e752-f303-4c34-82b6-eee729f89b3a,Kedai Guan Loong,"Jalan Kristal 38, 75910 Kota Kinabalu, Sabah",Sabah,parsedFromAddress,5.97895,116.058211,Sabah,0.079073,0.079073,false,true,false,false,false,0,0,1,,227.31,false,boundaryAdjacent,Outside all deployed and full-resolution geoBoundaries ADM1 land polygons; nearest boundary is Sabah at 0.079 km. Address state agrees; review coastal coordinate precision/source geocoding.
5ab949fd-fe9a-4a2a-8ec1-10dc648753be,Bayou Lagoon Water Park,"Jalan Baru 20, 28000 Melaka City, Melaka",Melaka,parsedFromAddress,2.173017,102.25161,Melaka,1.178648,1.178648,false,true,false,false,false,0,0,0,,,false,boundaryAdjacent,Outside all deployed and full-resolution geoBoundaries ADM1 land polygons; nearest boundary is Melaka at 1.179 km. Address state agrees; review coastal coordinate precision/source geocoding.
5adaac68-97de-4527-b51c-74aea1037266,TAMAN LEADER CONDOMINIUM,"Jalan Bukit 1, 82930 George Town, Penang",Penang,parsedFromAddress,5.431418,100.341795,Penang,0.8943,0.8943,false,true,false,false,false,0,0,0,,,false,boundaryAdjacent,Outside all deployed and full-resolution geoBoundaries ADM1 land polygons; nearest boundary is Penang at 0.894 km. Address state agrees; review coastal coordinate precision/source geocoding.
5b9cc2c8-e706-47c6-9fb0-fb79f820ba57,Shell,"Jalan Bunga Raya 37, 61400 George Town, Penang",Penang,parsedFromAddress,5.429892,100.345566,Penang,0.886264,0.886264,false,true,false,false,false,0,0,1,,249.78,false,boundaryAdjacent,Outside all deployed and full-resolution geoBoundaries ADM1 land polygons; nearest boundary is Penang at 0.886 km. Address state agrees; review coastal coordinate precision/source geocoding.
5c6b93c3-0b3d-4aa6-8400-377034d811b6,SOLARIA RESIDENCE,"Jalan Damai 5, 02300 George Town, Penang",Penang,parsedFromAddress,5.432378,100.347405,Penang,1.220174,1.220174,false,true,false,false,false,0,0,0,,,false,boundaryAdjacent,Outside all deployed and full-resolution geoBoundaries ADM1 land polygons; nearest boundary is Penang at 1.220 km. Address state agrees; review coastal coordinate precision/source geocoding.
5d449425-7da7-4fdf-9971-e8b97f3f6942,Ikan Bakar Klasik Terapung Umbai Baru,"Jalan Kristal 31, 72760 Merlimau, Jasin, Melaka",Melaka,parsedFromAddress,2.121183,102.35479,Melaka,2.159607,2.159607,false,true,false,false,false,0,0,0,,,false,requiresManualReview,"Outside all deployed and full-resolution geoBoundaries ADM1 land polygons; nearest boundary is Melaka at 2.160 km. Address state agrees, but the 2–5 km displacement is too large for automatic boundary-adjacent treatment."
5ec5c9a7-3d53-4b1b-ae91-e5abe33d89c1,Nexus Resort & Spa Karambunai,"Jalan Tanjung 40, 32750 Karambunai, Sabah",Sabah,parsedFromAddress,6.127757,116.108664,Sabah,1.017367,1.017367,false,true,false,false,false,0,0,0,,,false,boundaryAdjacent,Outside all deployed and full-resolution geoBoundaries ADM1 land polygons; nearest boundary is Sabah at 1.017 km. Address state agrees; review coastal coordinate precision/source geocoding.
5f1e0834-7417-4d6b-8349-2b24690f3025,Bataras Hypermarket Sandakan,"Lorong Wawasan 8, 12720 Sandakan, Sabah",Sabah,parsedFromAddress,5.843993,118.13311,Sabah,0.318185,0.318185,false,true,false,false,false,0,0,0,,,false,boundaryAdjacent,Outside all deployed and full-resolution geoBoundaries ADM1 land polygons; nearest boundary is Sabah at 0.318 km. Address state agrees; review coastal coordinate precision/source geocoding.
608d3887-0202-4b2c-abe7-0720a4c7434f,R&R PAKA WEST BOUND,"Persiaran Batu Rakit 12, 24040 Paka, Dungun, Terengganu",Terengganu,parsedFromAddress,4.63641,103.449586,Terengganu,1.020385,1.020385,false,true,false,false,false,0,0,0,,,false,boundaryAdjacent,Outside all deployed and full-resolution geoBoundaries ADM1 land polygons; nearest boundary is Terengganu at 1.020 km. Address state agrees; review coastal coordinate precision/source geocoding.
61fba2e4-a6e5-4591-841d-88699963fb50,Muzium Marin Labuan,"Persiaran Permai 37, 01420 Labuan, Labuan",Labuan,parsedFromAddress,5.272152,115.249322,Labuan,0.086508,0.086508,false,true,false,false,false,0,0,0,,,false,boundaryAdjacent,Outside all deployed and full-resolution geoBoundaries ADM1 land polygons; nearest boundary is Labuan at 0.087 km. Address state agrees; review coastal coordinate precision/source geocoding.
6227775b-fc25-475c-a801-f726b2d75ce9,Shell,"Lebuh Utama 28, 72700 George Town, Penang",Penang,parsedFromAddress,5.396538,100.346741,Penang,1.293723,1.293723,false,true,false,false,false,0,0,2,,138.52,true,boundaryAdjacent,Outside all deployed and full-resolution geoBoundaries ADM1 land polygons; nearest boundary is Penang at 1.294 km. Address state agrees; review coastal coordinate precision/source geocoding.
6369dd5a-d09d-43ff-aee9-f592c27afc33,Parking Lots near Jeti Pulau Kapas,"Jalan Chukai 24, 15430 Marang, Terengganu",Terengganu,parsedFromAddress,5.204093,103.248991,Terengganu,1.869695,1.869695,false,true,false,false,false,0,0,0,,,false,boundaryAdjacent,Outside all deployed and full-resolution geoBoundaries ADM1 land polygons; nearest boundary is Terengganu at 1.870 km. Address state agrees; review coastal coordinate precision/source geocoding.
64c6ad61-4327-4cc0-97b2-92f11af3b6eb,Pullman Miri Waterfront,"Jalan Utama 36, 06630 Miri, Sarawak",Sarawak,parsedFromAddress,4.409418,113.982598,Sarawak,0.446725,0.446725,false,true,false,false,false,0,0,0,,,true,boundaryAdjacent,Outside all deployed and full-resolution geoBoundaries ADM1 land polygons; nearest boundary is Sarawak at 0.447 km. Address state agrees; review coastal coordinate precision/source geocoding.
6549e87c-a3cd-4474-b8f5-b639b0f6f43d,TROPICANA BAY RESIDENCES,"Lebuh Kristal 31, 21950 George Town, Penang",Penang,parsedFromAddress,5.428133,100.341239,Penang,0.526024,0.526024,false,true,false,false,false,0,0,2,,153.09,false,boundaryAdjacent,Outside all deployed and full-resolution geoBoundaries ADM1 land polygons; nearest boundary is Penang at 0.526 km. Address state agrees; review coastal coordinate precision/source geocoding.
655d144c-9d11-4336-b6da-289194043046,"VILLEA PORT DICKSON, NEGERI SEMBILAN","Lorong Merdeka 6, 71400 Port Dickson, Negeri Sembilan",Negeri Sembilan,parsedFromAddress,2.510571,101.798317,Negeri Sembilan,1.147855,1.147855,false,true,false,false,false,0,0,0,,,false,boundaryAdjacent,Outside all deployed and full-resolution geoBoundaries ADM1 land polygons; nearest boundary is Negeri Sembilan at 1.148 km. Address state agrees; review coastal coordinate precision/source geocoding.
66095b0c-fcb9-4f30-baaf-7cbfcb7ddf0a,McDonald's Kota Masai DT,"Jalan Anggerik 7, 71830 Kota Masai, Pasir Gudang, Johor",Johor,parsedFromAddress,1.451506,103.872701,Johor,0.434154,0.434154,false,true,false,false,false,0,0,0,,,false,boundaryAdjacent,Outside all deployed and full-resolution geoBoundaries ADM1 land polygons; nearest boundary is Johor at 0.434 km. Address state agrees; review coastal coordinate precision/source geocoding.
6906ab62-d474-4a29-a5af-3a5fa1c6f28e,Gleneagles Hospital Penang,"Jalan Suria 21, 74530 George Town, Penang",Penang,parsedFromAddress,5.410825,100.347307,Penang,0.402649,0.402649,false,true,false,false,false,0,0,1,,153.93,false,boundaryAdjacent,Outside all deployed and full-resolution geoBoundaries ADM1 land polygons; nearest boundary is Penang at 0.403 km. Address state agrees; review coastal coordinate precision/source geocoding.
69359ada-3eb4-42fe-9a83-bc4b6ea5beed,PETRONAS - Bandar Kerayong,"Jalan Utama 30, 16600 Kuantan, Pahang",Pahang,parsedFromAddress,3.793018,103.34521,Pahang,0.574944,0.574944,false,true,false,false,false,0,0,0,,,true,boundaryAdjacent,Outside all deployed and full-resolution geoBoundaries ADM1 land polygons; nearest boundary is Pahang at 0.575 km. Address state agrees; review coastal coordinate precision/source geocoding.
6a1d47ff-9b36-4f02-8125-6a33ce642022,Servay Hypermarket,"Jalan Merdeka 29, 36320 Kota Kinabalu, Sabah",Sabah,parsedFromAddress,5.999866,116.066037,Sabah,0.115914,0.115914,false,true,false,false,true,0,0,1,,181.33,false,missingGeometrySuspected,Outside all deployed and full-resolution geoBoundaries ADM1 land polygons; nearest boundary is Sabah at 0.116 km. At least one independent ADM1 reference contains the coordinate; compare source geometries manually without automatic reassignment.
6aa00c54-6468-4639-a7f9-8e9cb7346787,McDonald's Petronas Batu Ferringhi DT,"Lebuh Meranti 12, 47830 Batu Ferringhi, Penang",Penang,parsedFromAddress,5.487653,100.261054,Penang,0.656481,0.656481,false,true,false,false,false,0,0,0,,,false,boundaryAdjacent,Outside all deployed and full-resolution geoBoundaries ADM1 land polygons; nearest boundary is Penang at 0.656 km. Address state agrees; review coastal coordinate precision/source geocoding.
6fd9af80-b921-4249-a495-88094683c99d,PETRONAS Sungai Besar,"Lebuh Impian 15, 41330 Sungai Besar, Sabak Bernam, Selangor",Selangor,parsedFromAddress,3.650185,101.000431,Selangor,0.098005,0.098005,false,true,false,false,false,0,0,0,,,false,boundaryAdjacent,Outside all deployed and full-resolution geoBoundaries ADM1 land polygons; nearest boundary is Selangor at 0.098 km. Address state agrees; review coastal coordinate precision/source geocoding.
713ba058-8a09-436b-9eb7-1d0cd2066adf,AMARI SPICE PENANG,"Lebuh Cendana 38, 56990 Bayan Baru, Penang",Penang,parsedFromAddress,5.343928,100.32054,Penang,0.820797,0.820797,false,true,false,false,false,0,0,0,,,false,boundaryAdjacent,Outside all deployed and full-resolution geoBoundaries ADM1 land polygons; nearest boundary is Penang at 0.821 km. Address state agrees; review coastal coordinate precision/source geocoding.
73b67a93-869b-4c4c-8b44-65637fe95154,Petron Balung Taman Sawit,"Jalan Sultan 21, 14840 Balung, Tawau, Sabah",Sabah,parsedFromAddress,4.205524,117.996716,Sabah,1.766629,1.766629,false,true,false,false,false,0,0,0,,,true,boundaryAdjacent,Outside all deployed and full-resolution geoBoundaries ADM1 land polygons; nearest boundary is Sabah at 1.767 km. Address state agrees; review coastal coordinate precision/source geocoding.
7449f6ea-d995-46f5-a68c-b77ef32560e1,THE SPRING CONDOMINIUM,"Jalan Baru 3, 17710 George Town, Penang",Penang,parsedFromAddress,5.396752,100.343989,Penang,1.066533,1.066533,false,true,false,false,false,0,0,2,,117.31,false,boundaryAdjacent,Outside all deployed and full-resolution geoBoundaries ADM1 land polygons; nearest boundary is Penang at 1.067 km. Address state agrees; review coastal coordinate precision/source geocoding.
745325d8-91d7-4be8-aeba-89022c25fca0,Petron Rusila,"Jalan Padang Midin 24, 23270 Rusila, Marang, Terengganu",Terengganu,parsedFromAddress,5.26402,103.193117,Terengganu,0.651168,0.651168,false,true,false,false,false,0,0,0,,,false,boundaryAdjacent,Outside all deployed and full-resolution geoBoundaries ADM1 land polygons; nearest boundary is Terengganu at 0.651 km. Address state agrees; review coastal coordinate precision/source geocoding.
76526244-758f-4cbe-bbd7-e72ea53685e0,Caltex Telok Air Tawar,"Jalan Angsana 6, 66320 Telok Air Tawar, Penang",Penang,parsedFromAddress,5.441506,100.376107,Penang,0.23178,0.23178,false,true,false,false,false,0,0,0,,,false,boundaryAdjacent,Outside all deployed and full-resolution geoBoundaries ADM1 land polygons; nearest boundary is Penang at 0.232 km. Address state agrees; review coastal coordinate precision/source geocoding.
77a02bb5-b88c-4c65-898a-69ed3f7c2028,Dragon Inn (Floating Hotel),"Jalan Wawasan 5, 65260 Kota Kinabalu, Sabah",Sabah,parsedFromAddress,5.988707,116.074516,Sabah,0.163743,0.163743,false,true,false,false,false,0,0,0,,,false,boundaryAdjacent,Outside all deployed and full-resolution geoBoundaries ADM1 land polygons; nearest boundary is Sabah at 0.164 km. Address state agrees; review coastal coordinate precision/source geocoding.
78950d07-c8ba-4665-9d65-757ce4fe79bb,PETRONAS JURU LAY-BY NORTHBOUND,"Lebuh Merdeka 15, 49130 Juru, Penang",Penang,parsedFromAddress,5.296554,100.405863,Penang,0.941989,0.941989,false,true,false,false,false,0,0,0,,,false,boundaryAdjacent,Outside all deployed and full-resolution geoBoundaries ADM1 land polygons; nearest boundary is Penang at 0.942 km. Address state agrees; review coastal coordinate precision/source geocoding.
79c07da0-6ae8-4a3d-bd0a-6ff104eea13f,"AUDI SHOWROOM, JURU","Jalan Utama 16, 27880 Juru, Penang",Penang,parsedFromAddress,5.284045,100.403097,Penang,1.613105,1.613105,false,true,false,false,false,0,1,1,dc09a5f3-dfa6-4c3e-9b37-f51a42fa292a,23.51,true,duplicateOrNearDuplicateCoordinate,Outside all deployed and full-resolution geoBoundaries ADM1 land polygons; nearest boundary is Penang at 1.613 km. 1 other record(s) occur within 75 m; review shared/near-shared site coordinates.
7ae6d013-2d48-46f4-9c36-ac1730e07893,QUAYSIDE CONDOMINIUM,"Lorong Tun 19, 78000 George Town, Penang",Penang,parsedFromAddress,5.411357,100.344326,Penang,0.178148,0.178148,false,true,false,false,false,0,0,0,,,false,boundaryAdjacent,Outside all deployed and full-resolution geoBoundaries ADM1 land polygons; nearest boundary is Penang at 0.178 km. Address state agrees; review coastal coordinate precision/source geocoding.
7aef5c8e-8273-481f-b4a0-5517f2d3fe9b,ECOWORLD GALLERY @MEADOWS,"Lorong Bukit 23, 84810 George Town, Penang",Penang,parsedFromAddress,5.396926,100.345552,Penang,1.16814,1.16814,false,true,false,false,false,0,0,4,,138.52,false,boundaryAdjacent,Outside all deployed and full-resolution geoBoundaries ADM1 land polygons; nearest boundary is Penang at 1.168 km. Address state agrees; review coastal coordinate precision/source geocoding.
7b0bf1c7-1260-42c0-ab25-54399625cde0,Perpustakaan Awam Marang,"Jalan Panji Alam 13, 21230 Marang, Terengganu",Terengganu,parsedFromAddress,5.200474,103.21729,Terengganu,0.047894,0.047894,false,true,false,false,false,0,0,0,,,false,boundaryAdjacent,Outside all deployed and full-resolution geoBoundaries ADM1 land polygons; nearest boundary is Terengganu at 0.048 km. Address state agrees; review coastal coordinate precision/source geocoding.
7b68975c-4a67-4c08-affa-9c766e365de1,PANGSAPURI SERI JAYA,"Jalan Cendana 37, 48830 George Town, Penang",Penang,parsedFromAddress,5.429736,100.336455,Penang,0.668812,0.668812,false,true,false,false,false,0,0,2,,104.29,false,boundaryAdjacent,Outside all deployed and full-resolution geoBoundaries ADM1 land polygons; nearest boundary is Penang at 0.669 km. Address state agrees; review coastal coordinate precision/source geocoding.
7ccdbf8e-2b89-4f08-a5ac-ab8be5047f2d,Petronas Batu Rakit,"Jalan Padang Midin 38, 16280 Batu Rakit, Kuala Nerus, Terengganu",Terengganu,parsedFromAddress,5.449759,103.065474,Terengganu,1.179292,1.179292,false,true,false,false,false,0,0,0,,,false,boundaryAdjacent,Outside all deployed and full-resolution geoBoundaries ADM1 land polygons; nearest boundary is Terengganu at 1.179 km. Address state agrees; review coastal coordinate precision/source geocoding.
7d9a7332-aaf5-4836-8ddb-c37f08a913a7,SQ SPIRIT CAFETERIA,"Jalan Tun Razak 35, 66980 Melaka City, Melaka",Melaka,parsedFromAddress,2.175433,102.243976,Melaka,1.068715,1.068715,false,true,false,false,false,0,0,0,,,false,boundaryAdjacent,Outside all deployed and full-resolution geoBoundaries ADM1 land polygons; nearest boundary is Melaka at 1.069 km. Address state agrees; review coastal coordinate precision/source geocoding.
7ec38d52-d6ba-433b-bb17-895ddb0049cd,Dewan Utama Majlis Daerah Marang,"Jalan Bukit Bunga 14, 15560 Marang, Terengganu",Terengganu,parsedFromAddress,5.187767,103.225995,Terengganu,0.21477,0.21477,false,true,false,false,false,0,0,0,,,false,boundaryAdjacent,Outside all deployed and full-resolution geoBoundaries ADM1 land polygons; nearest boundary is Terengganu at 0.215 km. Address state agrees; review coastal coordinate precision/source geocoding.
7ecc9568-df08-4644-a5b0-84c03f8977e0,Lembaga Kemajuan Wilayah Pulau Pinang,"Jalan Mahkota 10, 09890 George Town, Penang",Penang,parsedFromAddress,5.399585,100.339738,Penang,0.557232,0.557232,false,true,false,false,false,0,0,0,,,false,boundaryAdjacent,Outside all deployed and full-resolution geoBoundaries ADM1 land polygons; nearest boundary is Penang at 0.557 km. Address state agrees; review coastal coordinate precision/source geocoding.
7f01bfe0-69f1-4f49-81b9-6e9f479be57c,Shell,"Lorong Meranti 38, 50920 Melaka City, Melaka",Melaka,parsedFromAddress,2.18166,102.267228,Melaka,0.131506,0.131506,false,true,false,false,false,0,0,0,,,false,boundaryAdjacent,Outside all deployed and full-resolution geoBoundaries ADM1 land polygons; nearest boundary is Melaka at 0.132 km. Address state agrees; review coastal coordinate precision/source geocoding.
7f4a1823-e792-4175-95e6-eb909612145b,Shell,"Lebuh Wawasan 27, 96360 George Town, Penang",Penang,parsedFromAddress,5.429753,100.335513,Penang,0.665118,0.665118,false,true,false,false,false,0,0,2,,104.29,false,boundaryAdjacent,Outside all deployed and full-resolution geoBoundaries ADM1 land polygons; nearest boundary is Penang at 0.665 km. Address state agrees; review coastal coordinate precision/source geocoding.
80280cea-51bd-4afb-96be-debe2f2f07da,Shell,"Jalan Besar 4, 32150 Melaka City, Melaka",Melaka,parsedFromAddress,2.173787,102.236915,Melaka,1.505805,1.505805,false,true,false,false,false,0,0,1,,232.55,false,boundaryAdjacent,Outside all deployed and full-resolution geoBoundaries ADM1 land polygons; nearest boundary is Melaka at 1.506 km. Address state agrees; review coastal coordinate precision/source geocoding.
81abc43d-fe87-448a-939a-8708537c8838,Magistrate Court (Municipal) Wellesley,"Jalan Mahkota 10, 53970 Butterworth, Penang",Penang,parsedFromAddress,5.385565,100.358048,Penang,0.796239,0.796239,false,true,false,false,false,0,0,1,,87.09,false,boundaryAdjacent,Outside all deployed and full-resolution geoBoundaries ADM1 land polygons; nearest boundary is Penang at 0.796 km. Address state agrees; review coastal coordinate precision/source geocoding.
8207161e-90e8-4a0f-9c5b-996fcfd599cc,Petronas Bagan Jermal,"Jalan Bunga Raya 34, 78830 Bagan Jermal, Butterworth, Penang",Penang,parsedFromAddress,5.433916,100.371336,Penang,0.555963,0.555963,false,true,false,false,false,0,0,1,,188.92,false,boundaryAdjacent,Outside all deployed and full-resolution geoBoundaries ADM1 land polygons; nearest boundary is Penang at 0.556 km. Address state agrees; review coastal coordinate precision/source geocoding.
8222233d-f2ee-43eb-aa11-ad3de77dde7e,PROTON E.MAS KUALA TERENGGANU,"Jalan Merchang 32, 16720 Kuala Terengganu, Terengganu",Terengganu,parsedFromAddress,5.340687,103.159915,Terengganu,0.602737,0.602737,false,true,false,false,false,0,0,1,,158.48,false,boundaryAdjacent,Outside all deployed and full-resolution geoBoundaries ADM1 land polygons; nearest boundary is Terengganu at 0.603 km. Address state agrees; review coastal coordinate precision/source geocoding.
857d4443-1705-490e-82dc-f3aae5c2b42f,TANJONG JARA RESORT,"Persiaran Tengku Sri 7, 20510 Kuala Terengganu, Terengganu",Terengganu,parsedFromAddress,5.347748,103.151472,Terengganu,0.317985,0.317985,false,true,false,false,false,0,0,1,,145.82,false,boundaryAdjacent,Outside all deployed and full-resolution geoBoundaries ADM1 land polygons; nearest boundary is Terengganu at 0.318 km. Address state agrees; review coastal coordinate precision/source geocoding.
86bdd45d-a423-4eea-820e-a533fae35816,Mountain View Golf Resort,"Persiaran Anggerik 32, 54770 Teluk Bahang, Penang",Penang,parsedFromAddress,5.483553,100.230218,Penang,2.035154,2.035154,false,true,false,false,false,0,0,1,,156.4,false,requiresManualReview,"Outside all deployed and full-resolution geoBoundaries ADM1 land polygons; nearest boundary is Penang at 2.035 km. Address state agrees, but the 2–5 km displacement is too large for automatic boundary-adjacent treatment."
8704cc31-33db-4ad2-b454-7a6ad78582a9,Caltex,"Jalan Tun 34, 26970 George Town, Penang",Penang,parsedFromAddress,5.408601,100.346125,Penang,0.520551,0.520551,false,true,false,false,false,0,0,0,,,false,boundaryAdjacent,Outside all deployed and full-resolution geoBoundaries ADM1 land polygons; nearest boundary is Penang at 0.521 km. Address state agrees; review coastal coordinate precision/source geocoding.
87add44e-a395-4c69-8394-a20d33a66b73,Izwan,"Lorong Semarak 19, 39170 Kota Kinabalu, Sabah",Sabah,parsedFromAddress,5.993975,116.075958,Sabah,0.256347,0.256347,false,true,false,false,false,0,1,2,40f39d39-a16b-48c7-9d8a-e3244bc044c0,16.06,false,duplicateOrNearDuplicateCoordinate,Outside all deployed and full-resolution geoBoundaries ADM1 land polygons; nearest boundary is Sabah at 0.256 km. 1 other record(s) occur within 75 m; review shared/near-shared site coordinates.
89d91e9a-ef32-4eb9-aef0-9ae76bd93d52,Shell,"Jalan Sri 33, 38570 George Town, Penang",Penang,parsedFromAddress,5.429401,100.325644,Penang,0.178828,0.178828,false,true,false,false,false,0,0,2,,113.37,false,boundaryAdjacent,Outside all deployed and full-resolution geoBoundaries ADM1 land polygons; nearest boundary is Penang at 0.179 km. Address state agrees; review coastal coordinate precision/source geocoding.
8b1ae016-6c4b-415d-8e8e-a3303399f5eb,GOLDEN SANDS RESORT PENANG BY SHANGRI-LA,"Jalan Tanjung 33, 21390 George Town, Penang",Penang,parsedFromAddress,5.399384,100.345477,Penang,0.989941,0.989941,false,true,false,false,false,0,0,5,,127.04,false,boundaryAdjacent,Outside all deployed and full-resolution geoBoundaries ADM1 land polygons; nearest boundary is Penang at 0.990 km. Address state agrees; review coastal coordinate precision/source geocoding.
8cdf33da-738c-43de-84ea-bcd7d21389df,PETRONAS Penapisan (Terengganu) Sdn. Bhd. (PPTSB),"Lebuh Padang Midin 25, 16330 Kuala Terengganu, Terengganu",Terengganu,parsedFromAddress,5.342902,103.153583,Terengganu,0.015755,0.015755,false,true,false,false,false,0,0,0,,,false,boundaryAdjacent,Outside all deployed and full-resolution geoBoundaries ADM1 land polygons; nearest boundary is Terengganu at 0.016 km. Address state agrees; review coastal coordinate precision/source geocoding.
8d08b771-9c96-4043-b324-2304474e9ca7,PENANG PORT,"Jalan Wawasan 10, 93130 George Town, Penang",Penang,parsedFromAddress,5.395566,100.336309,Penang,0.628244,0.628244,false,true,false,false,false,0,0,1,,148.8,false,boundaryAdjacent,Outside all deployed and full-resolution geoBoundaries ADM1 land polygons; nearest boundary is Penang at 0.628 km. Address state agrees; review coastal coordinate precision/source geocoding.
90ecacad-868e-4b06-87ba-210d17b207a8,CHERATING POND,"Jalan Bunga Raya 21, 42240 Cherating, Kuantan, Pahang",Pahang,parsedFromAddress,4.121177,103.403974,Pahang,0.434523,0.434523,false,true,false,false,false,0,0,0,,,false,boundaryAdjacent,Outside all deployed and full-resolution geoBoundaries ADM1 land polygons; nearest boundary is Pahang at 0.435 km. Address state agrees; review coastal coordinate precision/source geocoding.
91f700e1-3aad-4c14-a1e8-aa3d09c9726b,Livingston Hotel Sandakan,"Lebuh Mahkota 28, 67650 Sandakan, Sabah",Sabah,parsedFromAddress,5.853101,118.133879,Sabah,0.055183,0.055183,false,true,false,false,false,0,0,0,,,false,boundaryAdjacent,Outside all deployed and full-resolution geoBoundaries ADM1 land polygons; nearest boundary is Sabah at 0.055 km. Address state agrees; review coastal coordinate precision/source geocoding.
964dd301-d39e-4951-9003-3020d0b67064,ELEMENTS GARDEN,"Jalan Kenanga 34, 17890 George Town, Penang",Penang,parsedFromAddress,5.428833,100.334497,Penang,0.557529,0.557529,false,true,false,false,false,0,0,4,,152.03,false,boundaryAdjacent,Outside all deployed and full-resolution geoBoundaries ADM1 land polygons; nearest boundary is Penang at 0.558 km. Address state agrees; review coastal coordinate precision/source geocoding.
97d758cf-c659-46f2-bc18-fc922692c623,"I-SANTORINI, TANJONG TOKONG","Jalan Wawasan 7, 01560 George Town, Penang",Penang,parsedFromAddress,5.433371,100.32287,Penang,0.346557,0.346557,false,true,false,false,false,0,0,0,,,false,boundaryAdjacent,Outside all deployed and full-resolution geoBoundaries ADM1 land polygons; nearest boundary is Penang at 0.347 km. Address state agrees; review coastal coordinate precision/source geocoding.
9a12504f-22c1-4de1-b7bc-8b50508686d6,ASCOTT GURNEY PENANG,"Jalan Anggerik 28, 66740 Gurney Drive, George Town, Penang",Penang,parsedFromAddress,5.432393,100.331855,Penang,0.844289,0.844289,false,true,false,false,false,0,0,0,,,false,boundaryAdjacent,Outside all deployed and full-resolution geoBoundaries ADM1 land polygons; nearest boundary is Penang at 0.844 km. Address state agrees; review coastal coordinate precision/source geocoding.
9a428791-3c11-442a-b2f9-964a18b14f9e,The Fresh Mart Miri Riam,"Persiaran Meranti 17, 14010 Miri, Sarawak",Sarawak,parsedFromAddress,4.403559,113.97525,Sarawak,0.407175,0.407175,false,true,false,false,false,0,0,0,,,false,boundaryAdjacent,Outside all deployed and full-resolution geoBoundaries ADM1 land polygons; nearest boundary is Sarawak at 0.407 km. Address state agrees; review coastal coordinate precision/source geocoding.
9a597c09-b1a8-445e-8e36-4e6c5309cbc1,e Gate,"Jalan Sentosa 38, 55600 George Town, Penang",Penang,parsedFromAddress,5.409923,100.338296,Penang,0.066285,0.066285,false,true,false,false,true,0,0,2,,237.29,false,missingGeometrySuspected,Outside all deployed and full-resolution geoBoundaries ADM1 land polygons; nearest boundary is Penang at 0.066 km. At least one independent ADM1 reference contains the coordinate; compare source geometries manually without automatic reassignment.
9b6d1826-0367-4221-9796-40b5a7b5a861,FOREST CITY SALES GALLERY,"Jalan Suria 33, 44690 Forest City, Gelang Patah, Johor",Johor,parsedFromAddress,1.363664,103.634179,Johor,0.483638,0.483638,false,true,false,false,false,0,0,0,,,false,boundaryAdjacent,Outside all deployed and full-resolution geoBoundaries ADM1 land polygons; nearest boundary is Johor at 0.484 km. Address state agrees; review coastal coordinate precision/source geocoding.
9b7c41ed-bb6e-419c-aeee-8a8d88b0fcef,PETRONAS - Tanjung Sepat - New,"66, Jalan Besar, Tanjung Sepat, 42800 Kuala Langat, Selangor",Selangor,parsedFromAddress,2.650389,101.564984,Selangor,0.377059,0.377059,false,true,false,false,false,0,0,0,,,false,boundaryAdjacent,Outside all deployed and full-resolution geoBoundaries ADM1 land polygons; nearest boundary is Selangor at 0.377 km. Address state agrees; review coastal coordinate precision/source geocoding.
9bc821c8-d32a-4de4-b14a-f4053fc288d2,Petron Sekinchan,"Lebuh Harmoni 19, 23970 Sekinchan, Sabak Bernam, Selangor",Selangor,parsedFromAddress,3.508949,101.085468,Selangor,0.552984,0.552984,false,true,false,false,false,0,0,0,,,false,boundaryAdjacent,Outside all deployed and full-resolution geoBoundaries ADM1 land polygons; nearest boundary is Selangor at 0.553 km. Address state agrees; review coastal coordinate precision/source geocoding.
9cfdd1e3-a7d8-44c9-bb9b-b00d974593fc,METROPOL SERVICE APARTMENT,"Persiaran Perdana 21, 25040 George Town, Penang",Penang,parsedFromAddress,5.419214,100.346532,Penang,0.013895,0.013895,false,true,false,false,false,0,0,1,,233.11,false,boundaryAdjacent,Outside all deployed and full-resolution geoBoundaries ADM1 land polygons; nearest boundary is Penang at 0.014 km. Address state agrees; review coastal coordinate precision/source geocoding.
9d015396-0422-42e5-b0df-941fd7e6cd5e,BHP Service Station,"Jalan Indah 27, 12270 Kuantan, Pahang",Pahang,parsedFromAddress,3.802053,103.345405,Pahang,0.445371,0.445371,false,true,false,false,false,0,0,0,,,true,boundaryAdjacent,Outside all deployed and full-resolution geoBoundaries ADM1 land polygons; nearest boundary is Pahang at 0.445 km. Address state agrees; review coastal coordinate precision/source geocoding.
9db70f72-c285-4bd6-88b9-a9d5e6601766,McDonalds Dungun,"Jalan Air Putih 16, 19680 Dungun, Terengganu",Terengganu,parsedFromAddress,4.741068,103.433387,Terengganu,0.396922,0.396922,false,true,false,false,false,0,0,0,,,false,boundaryAdjacent,Outside all deployed and full-resolution geoBoundaries ADM1 land polygons; nearest boundary is Terengganu at 0.397 km. Address state agrees; review coastal coordinate precision/source geocoding.
9db801ff-42ff-44e7-9dba-ebe901c1edb1,HARD ROCK HOTEL PENANG,"Jalan Angsana 26, 92780 George Town, Penang",Penang,parsedFromAddress,5.399291,100.34417,Penang,0.879276,0.879276,false,true,false,false,false,0,0,2,,145.06,false,boundaryAdjacent,Outside all deployed and full-resolution geoBoundaries ADM1 land polygons; nearest boundary is Penang at 0.879 km. Address state agrees; review coastal coordinate precision/source geocoding.
9ee30e01-51cf-4ace-aa0b-1f4acd3d2dec,Billion Shopping Centre (Butterworth),"Jalan Indah 25, 45650 Butterworth, Penang",Penang,parsedFromAddress,5.414864,100.349601,Penang,0.431421,0.431421,false,true,false,false,false,0,0,1,,115.61,true,boundaryAdjacent,Outside all deployed and full-resolution geoBoundaries ADM1 land polygons; nearest boundary is Penang at 0.431 km. Address state agrees; review coastal coordinate precision/source geocoding.
9f4d93b6-d9b8-4c8f-a8e4-72fa292995ca,GRAND LEXIS PORT DICKSON,"Lorong Angsana 25, 80800 Port Dickson, Negeri Sembilan",Negeri Sembilan,parsedFromAddress,2.534346,101.786512,Negeri Sembilan,0.407667,0.407667,false,true,false,false,false,0,0,0,,,false,boundaryAdjacent,Outside all deployed and full-resolution geoBoundaries ADM1 land polygons; nearest boundary is Negeri Sembilan at 0.408 km. Address state agrees; review coastal coordinate precision/source geocoding.
9f6231db-cc48-4350-b5cd-3d0fde5b23a2,Shell,"Jalan Angsana 37, 35810 George Town, Penang",Penang,parsedFromAddress,5.400835,100.34796,Penang,1.153997,1.153997,false,true,false,false,false,0,0,4,,95.04,false,boundaryAdjacent,Outside all deployed and full-resolution geoBoundaries ADM1 land polygons; nearest boundary is Penang at 1.154 km. Address state agrees; review coastal coordinate precision/source geocoding.
a090e2ad-5b67-4fa7-be16-5e33ccc43396,Lumut Pangkor Ferry Jetty,"Jalan Damai 19, 42620 Pangkor Island, Perak",Perak,parsedFromAddress,4.192335,100.548594,Perak,0.09696,0.09696,false,true,false,false,false,0,0,0,,,false,boundaryAdjacent,Outside all deployed and full-resolution geoBoundaries ADM1 land polygons; nearest boundary is Perak at 0.097 km. Address state agrees; review coastal coordinate precision/source geocoding.
a0e777c4-d922-48de-8208-b49eb8904b7d,Pasaraya Glorymas,"Persiaran Kenanga 32, 85410 Kota Kinabalu, Sabah",Sabah,parsedFromAddress,5.994151,116.065834,Sabah,0.266592,0.266592,false,true,false,false,false,0,0,0,,,false,boundaryAdjacent,Outside all deployed and full-resolution geoBoundaries ADM1 land polygons; nearest boundary is Sabah at 0.267 km. Address state agrees; review coastal coordinate precision/source geocoding.
a1002696-700a-417c-9fec-677509548224,PETRONAS Kota Marudu,"Jalan Merdeka 25, 07290 Kota Marudu, Sabah",Sabah,parsedFromAddress,6.683958,116.817554,Sabah,2.381488,2.381488,false,true,false,false,false,0,0,0,,,false,requiresManualReview,"Outside all deployed and full-resolution geoBoundaries ADM1 land polygons; nearest boundary is Sabah at 2.381 km. Address state agrees, but the 2–5 km displacement is too large for automatic boundary-adjacent treatment."
a11a4940-06c3-4820-89b8-a6c1965a7712,FRESH 365 One Foresta,"Jalan Bukit 20, 44730 George Town, Penang",Penang,parsedFromAddress,5.398743,100.346427,Penang,1.116856,1.116856,false,true,false,false,false,0,0,5,,78.03,false,boundaryAdjacent,Outside all deployed and full-resolution geoBoundaries ADM1 land polygons; nearest boundary is Penang at 1.117 km. Address state agrees; review coastal coordinate precision/source geocoding.
a12a1f94-36f3-4669-a658-740e8ef346ac,PETRON KAMPUNG GEMUROH,"Jalan Wakaf Mek Zainab 34, 16570 Kampung Gemuroh, Kemaman, Terengganu",Terengganu,parsedFromAddress,4.209826,103.441562,Terengganu,0.1868,0.1868,false,true,false,false,false,0,0,0,,,false,boundaryAdjacent,Outside all deployed and full-resolution geoBoundaries ADM1 land polygons; nearest boundary is Terengganu at 0.187 km. Address state agrees; review coastal coordinate precision/source geocoding.
a12baddf-fff1-4e72-9da0-9e15a4b44a80,Asajaya District Office,"Jalan Bahagia 32, 39480 Asajaya, Sarawak",Sarawak,parsedFromAddress,1.604226,110.653359,Sarawak,2.43017,2.43017,false,true,false,false,false,0,0,0,,,true,requiresManualReview,"Outside all deployed and full-resolution geoBoundaries ADM1 land polygons; nearest boundary is Sarawak at 2.430 km. Address state agrees, but the 2–5 km displacement is too large for automatic boundary-adjacent treatment."
a1d9c406-ffb3-43ae-9840-3a7259643e93,ESCAPE Penang,"Jalan Harmoni 19, 42110 George Town, Penang",Penang,parsedFromAddress,5.411324,100.348604,Penang,0.503275,0.503275,false,true,false,false,false,0,0,1,,153.93,false,boundaryAdjacent,Outside all deployed and full-resolution geoBoundaries ADM1 land polygons; nearest boundary is Penang at 0.503 km. Address state agrees; review coastal coordinate precision/source geocoding.
a271c8b1-1a17-4d0f-ab50-7588e8a6a6c3,VT Freshmart Coldstorage,"Jalan Cempaka 15, 48190 Kota Kinabalu, Sabah",Sabah,parsedFromAddress,5.997434,116.070915,Sabah,0.542434,0.542434,false,true,false,false,false,0,0,1,,155.1,false,boundaryAdjacent,Outside all deployed and full-resolution geoBoundaries ADM1 land polygons; nearest boundary is Sabah at 0.542 km. Address state agrees; review coastal coordinate precision/source geocoding.
a4406c70-f15a-42a5-8214-d3870aa6a9d8,Chancellory Building,"Lebuh Bahagia 17, 79730 George Town, Penang",Penang,parsedFromAddress,5.42498,100.337637,Penang,0.150682,0.150682,false,true,false,false,false,0,0,2,,183.25,true,boundaryAdjacent,Outside all deployed and full-resolution geoBoundaries ADM1 land polygons; nearest boundary is Penang at 0.151 km. Address state agrees; review coastal coordinate precision/source geocoding.
a4d65900-69e6-442d-885d-f43fe3c34799,GRAND SWISS-BELHOTEL,"Jalan Dato 33, 07980 Melaka City, Melaka",Melaka,parsedFromAddress,2.175405,102.238241,Melaka,1.275227,1.275227,false,true,false,false,false,0,0,4,,123.8,false,boundaryAdjacent,Outside all deployed and full-resolution geoBoundaries ADM1 land polygons; nearest boundary is Melaka at 1.275 km. Address state agrees; review coastal coordinate precision/source geocoding.
a56fa52d-41e5-41c5-835e-a16f13271268,Shell,"Jalan Mahkota 3, 12660 George Town, Penang",Penang,parsedFromAddress,5.403134,100.336162,Penang,0.032439,0.032439,false,true,false,false,false,0,0,0,,,false,boundaryAdjacent,Outside all deployed and full-resolution geoBoundaries ADM1 land polygons; nearest boundary is Penang at 0.032 km. Address state agrees; review coastal coordinate precision/source geocoding.
a57fe180-d73a-47ad-bd2d-7c3c754d2fbb,EASTIN HOTEL,"Jalan Angsana 3, 37150 George Town, Penang",Penang,parsedFromAddress,5.426835,100.346984,Penang,0.641034,0.641034,false,true,false,false,false,0,0,3,,83.94,false,boundaryAdjacent,Outside all deployed and full-resolution geoBoundaries ADM1 land polygons; nearest boundary is Penang at 0.641 km. Address state agrees; review coastal coordinate precision/source geocoding.
a6189bb4-2dfb-4dde-9a18-828197248f17,TEALIVE BAGAN AJAM,"Jalan Bukit 38, 98620 Bagan Ajam, Butterworth, Penang",Penang,parsedFromAddress,5.43217,100.358451,Penang,1.574706,1.574706,false,true,false,false,false,0,0,0,,,false,boundaryAdjacent,Outside all deployed and full-resolution geoBoundaries ADM1 land polygons; nearest boundary is Penang at 1.575 km. Address state agrees; review coastal coordinate precision/source geocoding.
a7c42382-3deb-4179-91c6-fb9d51ddcec2,BATARAS Supermarket Kota Marudu,"Persiaran Mahkota 8, 88030 Kota Marudu, Sabah",Sabah,parsedFromAddress,6.668734,116.808569,Sabah,2.124613,2.124613,false,true,false,false,false,0,0,0,,,false,requiresManualReview,"Outside all deployed and full-resolution geoBoundaries ADM1 land polygons; nearest boundary is Sabah at 2.125 km. Address state agrees, but the 2–5 km displacement is too large for automatic boundary-adjacent treatment."
a98ebe1e-44b6-42a8-acf8-2a45a7cbce5b,Petron Jalan Teluk Pulai/Raya Barat,"59, Jalan Kapar, Jeram, 45800 Kuala Selangor, Selangor",Selangor,parsedFromAddress,3.225049,101.30386,Selangor,0.061586,0.061586,false,true,false,false,false,0,0,1,,131.05,false,boundaryAdjacent,Outside all deployed and full-resolution geoBoundaries ADM1 land polygons; nearest boundary is Selangor at 0.062 km. Address state agrees; review coastal coordinate precision/source geocoding.
acb475cc-755b-4e43-8c3a-c83c9e008b96,Lexis Hibiscus Port Dickson,"Jalan Perdana 6, 55690 Port Dickson, Negeri Sembilan",Negeri Sembilan,parsedFromAddress,2.518336,101.780191,Negeri Sembilan,1.185452,1.185452,false,true,false,false,false,0,0,0,,,false,boundaryAdjacent,Outside all deployed and full-resolution geoBoundaries ADM1 land polygons; nearest boundary is Negeri Sembilan at 1.185 km. Address state agrees; review coastal coordinate precision/source geocoding.
af70dbd3-cf10-406b-a7b4-7ddb061a96bd,UMT Jaya Holdings,"Persiaran Sultan Ismail 19, 22180 Kuala Terengganu, Terengganu",Terengganu,parsedFromAddress,5.31817,103.159925,Terengganu,0.135609,0.135609,false,true,false,false,false,0,0,0,,,false,boundaryAdjacent,Outside all deployed and full-resolution geoBoundaries ADM1 land polygons; nearest boundary is Terengganu at 0.136 km. Address state agrees; review coastal coordinate precision/source geocoding.
b04af595-db6f-4954-9117-3b6e313092a1,Ninso Sandakan,"Jalan Angsana 39, 70640 Sandakan, Sabah",Sabah,parsedFromAddress,5.830181,118.128634,Sabah,1.154139,1.154139,false,true,false,false,false,0,0,0,,,false,boundaryAdjacent,Outside all deployed and full-resolution geoBoundaries ADM1 land polygons; nearest boundary is Sabah at 1.154 km. Address state agrees; review coastal coordinate precision/source geocoding.
b0c2e04b-64ec-407e-8f57-f6dbac02623f,PETRONAS - Jalan Bubul Semporna,"Lorong Suria 1, 15570 Semporna, Sabah",Sabah,parsedFromAddress,4.486731,118.609994,Sabah,0.311814,0.311814,false,true,false,false,false,0,0,0,,,false,boundaryAdjacent,Outside all deployed and full-resolution geoBoundaries ADM1 land polygons; nearest boundary is Sabah at 0.312 km. Address state agrees; review coastal coordinate precision/source geocoding.
b192fe85-dd92-40eb-8666-bb813c0263b5,Medan Usahawan Tun Razak Sandakan,"Persiaran Impian 14, 53880 Sandakan, Sabah",Sabah,parsedFromAddress,5.844475,118.137672,Sabah,0.729633,0.729633,false,true,false,false,false,0,0,0,,,false,boundaryAdjacent,Outside all deployed and full-resolution geoBoundaries ADM1 land polygons; nearest boundary is Sabah at 0.730 km. Address state agrees; review coastal coordinate precision/source geocoding.
b24363ba-4a42-4133-aa4f-666ea658035c,Shell,"Jalan Kenanga 23, 97320 Kota Kinabalu, Sabah",Sabah,parsedFromAddress,5.995919,116.093319,Sabah,0.218286,0.218286,false,true,false,false,false,0,0,0,,,false,boundaryAdjacent,Outside all deployed and full-resolution geoBoundaries ADM1 land polygons; nearest boundary is Sabah at 0.218 km. Address state agrees; review coastal coordinate precision/source geocoding.
b386c29c-e675-402b-9b1e-3068739a798c,Ecoworld Gallery @Eco Terraces,"Jalan Permai 8, 63240 George Town, Penang",Penang,parsedFromAddress,5.3964,100.339801,Penang,0.793962,0.793962,false,true,false,false,false,0,0,0,,,false,boundaryAdjacent,Outside all deployed and full-resolution geoBoundaries ADM1 land polygons; nearest boundary is Penang at 0.794 km. Address state agrees; review coastal coordinate precision/source geocoding.
b3b4fd06-a12f-4ab6-8d7f-99e204c51937,Pontian Municipal Council,"Lorong Cendana 5, 27660 Pontian, Johor",Johor,parsedFromAddress,1.477524,103.387391,Johor,0.011089,0.011089,false,true,false,true,false,0,0,0,,,false,missingGeometrySuspected,Outside all deployed and full-resolution geoBoundaries ADM1 land polygons; nearest boundary is Johor at 0.011 km. At least one independent ADM1 reference contains the coordinate; compare source geometries manually without automatic reassignment.
b4009555-0803-410f-b56b-c01085dcad8e,Tawau Airport,"Jalan Melor 3, 86380 Tawau, Sabah",Sabah,parsedFromAddress,4.249506,117.870514,Sabah,0.711234,0.711234,false,true,false,false,false,0,0,0,,,false,boundaryAdjacent,Outside all deployed and full-resolution geoBoundaries ADM1 land polygons; nearest boundary is Sabah at 0.711 km. Address state agrees; review coastal coordinate precision/source geocoding.
b43a952b-ce0f-43ad-bcf3-1923c245b8dc,Milimewa Semporna Branch,"Lebuh Wawasan 8, 49060 Semporna, Sabah",Sabah,parsedFromAddress,4.464979,118.629499,Sabah,0.440009,0.440009,false,true,false,false,false,0,0,0,,,false,boundaryAdjacent,Outside all deployed and full-resolution geoBoundaries ADM1 land polygons; nearest boundary is Sabah at 0.440 km. Address state agrees; review coastal coordinate precision/source geocoding.
b4720fab-58a2-4367-8598-ead51d7c5fd4,TKS Hypersave,"Lebuh Wawasan 19, 92900 Kota Kinabalu, Sabah",Sabah,parsedFromAddress,5.997627,116.069526,Sabah,0.389106,0.389106,false,true,false,false,false,0,0,2,,155.1,false,boundaryAdjacent,Outside all deployed and full-resolution geoBoundaries ADM1 land polygons; nearest boundary is Sabah at 0.389 km. Address state agrees; review coastal coordinate precision/source geocoding.
b6988751-c380-4805-97d3-5667adf12491,Caltex Green Lane,"Lebuh Mahkota 2, 77740 Green Lane, George Town, Penang",Penang,parsedFromAddress,5.392307,100.330951,Penang,0.492635,0.492635,false,true,false,false,false,0,0,0,,,false,boundaryAdjacent,Outside all deployed and full-resolution geoBoundaries ADM1 land polygons; nearest boundary is Penang at 0.493 km. Address state agrees; review coastal coordinate precision/source geocoding.
b6ed1369-352a-4b56-b203-dde8f861be00,Avillion Admiral Cove,"Lebuh Semarak 5, 76820 Port Dickson, Negeri Sembilan",Negeri Sembilan,parsedFromAddress,2.467842,101.840214,Negeri Sembilan,0.883862,0.883862,false,true,false,false,false,0,0,0,,,false,boundaryAdjacent,Outside all deployed and full-resolution geoBoundaries ADM1 land polygons; nearest boundary is Negeri Sembilan at 0.884 km. Address state agrees; review coastal coordinate precision/source geocoding.
b7c66f7d-0a63-412a-999d-527b49bdb98f,Hap Seng Wholesale Mart,"Jalan Suria 15, 59580 Kota Kinabalu, Sabah",Sabah,parsedFromAddress,5.998414,116.068034,Sabah,0.20698,0.20698,false,true,false,false,false,0,0,2,,96.67,false,boundaryAdjacent,Outside all deployed and full-resolution geoBoundaries ADM1 land polygons; nearest boundary is Sabah at 0.207 km. Address state agrees; review coastal coordinate precision/source geocoding.
b8afa021-28a3-4399-8735-8eb5843e2fe3,ELEMENTX MALL,"Jalan Merdeka 6, 31710 Melaka City, Melaka",Melaka,parsedFromAddress,2.183465,102.236869,Melaka,0.613136,0.613136,false,true,false,false,false,0,0,0,,,false,boundaryAdjacent,Outside all deployed and full-resolution geoBoundaries ADM1 land polygons; nearest boundary is Melaka at 0.613 km. Address state agrees; review coastal coordinate precision/source geocoding.
ba4f427b-350f-4043-9afc-572e5758c41f,Harbour Mall Sandakan,"Persiaran Merdeka 16, 06290 Sandakan, Sabah",Sabah,parsedFromAddress,5.828428,118.10445,Sabah,0.463181,0.463181,false,true,false,false,false,0,0,0,,,false,boundaryAdjacent,Outside all deployed and full-resolution geoBoundaries ADM1 land polygons; nearest boundary is Sabah at 0.463 km. Address state agrees; review coastal coordinate precision/source geocoding.
ba61e557-2157-4316-aba5-418f802cc79c,Miri Airport,"Persiaran Utama 32, 14280 Miri, Sarawak",Sarawak,parsedFromAddress,4.418177,113.979027,Sarawak,1.199374,1.199374,false,true,false,false,false,0,0,0,,,true,boundaryAdjacent,Outside all deployed and full-resolution geoBoundaries ADM1 land polygons; nearest boundary is Sarawak at 1.199 km. Address state agrees; review coastal coordinate precision/source geocoding.
beb3b0aa-cfa6-4ddd-81ea-9688b32bd5ae,AC HOTEL BY MARRIOTT PENANG,"Persiaran Tun Razak 9, 84350 George Town, Penang",Penang,parsedFromAddress,5.397127,100.330112,Penang,0.036934,0.036934,false,true,false,false,false,0,0,1,,132.97,false,boundaryAdjacent,Outside all deployed and full-resolution geoBoundaries ADM1 land polygons; nearest boundary is Penang at 0.037 km. Address state agrees; review coastal coordinate precision/source geocoding.
bf82fab2-e171-4c6a-8a9f-6a673be2c79a,Villea Rompin Resort & Golf,"Lebuh Suria 30, 86310 Rompin, Pahang",Pahang,parsedFromAddress,2.847512,103.469082,Pahang,0.442132,0.442132,false,true,false,false,false,0,0,0,,,false,boundaryAdjacent,Outside all deployed and full-resolution geoBoundaries ADM1 land polygons; nearest boundary is Pahang at 0.442 km. Address state agrees; review coastal coordinate precision/source geocoding.
bf9be737-f439-451d-bda1-18f307e8babc,Edaran Tan Chong Motor Weld Quay,"Persiaran Merdeka 37, 04320 George Town, Penang",Penang,parsedFromAddress,5.404553,100.347687,Penang,1.000424,1.000424,false,true,false,false,false,0,0,1,,170.9,false,boundaryAdjacent,Outside all deployed and full-resolution geoBoundaries ADM1 land polygons; nearest boundary is Penang at 1.000 km. Address state agrees; review coastal coordinate precision/source geocoding.
bfd7ff19-dbaf-41d1-b145-2829d08124a2,Target Suprmarket Pontian,"Jalan Impian 20, 58120 Pontian, Johor",Johor,parsedFromAddress,1.492465,103.377939,Johor,0.611343,0.611343,false,true,false,false,false,0,0,0,,,false,boundaryAdjacent,Outside all deployed and full-resolution geoBoundaries ADM1 land polygons; nearest boundary is Johor at 0.611 km. Address state agrees; review coastal coordinate precision/source geocoding.
bfe636df-fad9-480c-b0c4-3c3f9ebd0663,Plaza D'Jeti,"Persiaran Harmoni 26, 21010 Johor Bahru, Johor",Johor,parsedFromAddress,1.47505,103.722886,Johor,0.038119,0.038119,false,true,false,true,true,0,0,3,,93.42,false,missingGeometrySuspected,Outside all deployed and full-resolution geoBoundaries ADM1 land polygons; nearest boundary is Johor at 0.038 km. At least one independent ADM1 reference contains the coordinate; compare source geometries manually without automatic reassignment.
c001806a-0fcf-4795-89b6-5288c6dd11ff,GURNEY BEACH CONDO,"Jalan Perdana 10, 05450 Gurney Drive, George Town, Penang",Penang,parsedFromAddress,5.44117,100.327027,Penang,1.313119,1.313119,false,true,false,false,false,0,0,1,,162.45,false,boundaryAdjacent,Outside all deployed and full-resolution geoBoundaries ADM1 land polygons; nearest boundary is Penang at 1.313 km. Address state agrees; review coastal coordinate precision/source geocoding.
c18e6a24-6528-4231-a5de-39fb072d9dcb,PETRONAS BKE 2 (BUTTERWORTH BOUND),"Lorong Tun Razak 22, 07560 Butterworth, Penang",Penang,parsedFromAddress,5.410291,100.353262,Penang,1.029014,1.029014,false,true,false,false,false,0,0,1,,164.91,false,boundaryAdjacent,Outside all deployed and full-resolution geoBoundaries ADM1 land polygons; nearest boundary is Penang at 1.029 km. Address state agrees; review coastal coordinate precision/source geocoding.
c1d6c922-e8dd-47b7-bcb6-576e67501964,Majlis Daerah Mersing,"Lorong Meranti 4, 58330 Mersing, Johor",Johor,parsedFromAddress,2.435805,103.853025,Johor,0.629201,0.629201,false,true,false,false,false,0,0,0,,,false,boundaryAdjacent,Outside all deployed and full-resolution geoBoundaries ADM1 land polygons; nearest boundary is Johor at 0.629 km. Address state agrees; review coastal coordinate precision/source geocoding.
c22349d0-5802-49e1-aeac-a4504e4be92f,Petronas Pak Sabah,"Lorong Chukai 29, 18130 Dungun, Terengganu",Terengganu,parsedFromAddress,4.765661,103.427073,Terengganu,0.485188,0.485188,false,true,false,false,false,0,0,0,,,false,boundaryAdjacent,Outside all deployed and full-resolution geoBoundaries ADM1 land polygons; nearest boundary is Terengganu at 0.485 km. Address state agrees; review coastal coordinate precision/source geocoding.
c511e9f6-1fa6-4524-8e49-a314609ecf63,QUAY WEST RESIDENCE,"Lebuh Bunga Raya 21, 66460 George Town, Penang",Penang,parsedFromAddress,5.399539,100.347404,Penang,1.166014,1.166014,false,true,false,false,false,0,1,6,2ecf3f85-66dc-4607-83cb-2787a865cd95,63.81,false,duplicateOrNearDuplicateCoordinate,Outside all deployed and full-resolution geoBoundaries ADM1 land polygons; nearest boundary is Penang at 1.166 km. 1 other record(s) occur within 75 m; review shared/near-shared site coordinates.
c5a7debf-576a-4e1f-9ac4-d3bb7193ee4d,JQ Central - Gallery Shoppes,"Lebuh Sri 39, 34510 Kota Kinabalu, Sabah",Sabah,parsedFromAddress,5.999931,116.070916,Sabah,0.538852,0.538852,false,true,false,false,false,0,0,0,,,false,boundaryAdjacent,Outside all deployed and full-resolution geoBoundaries ADM1 land polygons; nearest boundary is Sabah at 0.539 km. Address state agrees; review coastal coordinate precision/source geocoding.
c601f56c-261c-4f6d-8644-cdf35e522026,Pasar Awam Jeram,"Jalan Tanjung 15, 23630 Jeram, Kuala Selangor, Selangor",Selangor,parsedFromAddress,3.280476,101.248501,Selangor,2.582114,2.582114,false,true,false,false,false,0,0,0,,,false,requiresManualReview,"Outside all deployed and full-resolution geoBoundaries ADM1 land polygons; nearest boundary is Selangor at 2.582 km. Address state agrees, but the 2–5 km displacement is too large for automatic boundary-adjacent treatment."
c65540df-49cf-47f5-a8c6-afd156330669,Forest City Waterpark,"Lorong Merdeka 26, 39550 Forest City, Gelang Patah, Johor",Johor,parsedFromAddress,1.33885,103.616147,Johor,1.332894,1.332894,false,true,false,false,false,0,0,0,,,false,boundaryAdjacent,Outside all deployed and full-resolution geoBoundaries ADM1 land polygons; nearest boundary is Johor at 1.333 km. Address state agrees; review coastal coordinate precision/source geocoding.
c676fb64-c6a3-4482-b625-437351be5c9f,Petron Tanjung Keling,"Jalan Harmoni 17, 14960 Melaka City, Melaka",Melaka,parsedFromAddress,2.183734,102.245111,Melaka,0.146977,0.146977,false,true,false,false,false,0,0,0,,,false,boundaryAdjacent,Outside all deployed and full-resolution geoBoundaries ADM1 land polygons; nearest boundary is Melaka at 0.147 km. Address state agrees; review coastal coordinate precision/source geocoding.
c7aa7fe3-5d02-42c7-a78c-d6d8ea409fd3,QUEENS RESIDENCES,"Lebuh Perdana 12, 27910 George Town, Penang",Penang,parsedFromAddress,5.427654,100.345372,Penang,0.651355,0.651355,false,true,false,false,false,0,0,4,,121.79,false,boundaryAdjacent,Outside all deployed and full-resolution geoBoundaries ADM1 land polygons; nearest boundary is Penang at 0.651 km. Address state agrees; review coastal coordinate precision/source geocoding.
c7bbb718-e17a-4270-8251-54a2bf75b6f1,UTC Pahang (Pusat Transformasi Bandar Kuantan),"Jalan Bunga Raya 28, 93020 Kuantan, Pahang",Pahang,parsedFromAddress,3.794755,103.340631,Pahang,0.04396,0.04396,false,true,false,false,false,0,0,2,,112.75,false,boundaryAdjacent,Outside all deployed and full-resolution geoBoundaries ADM1 land polygons; nearest boundary is Pahang at 0.044 km. Address state agrees; review coastal coordinate precision/source geocoding.
c9cacb40-e21f-4fcb-9db8-4d2ce4cf85ae,PENANG MARRIOTT HOTEL,"Lorong Wawasan 16, 41300 George Town, Penang",Penang,parsedFromAddress,5.399576,100.334837,Penang,0.175129,0.175129,false,true,false,false,false,0,0,2,,134.49,false,boundaryAdjacent,Outside all deployed and full-resolution geoBoundaries ADM1 land polygons; nearest boundary is Penang at 0.175 km. Address state agrees; review coastal coordinate precision/source geocoding.
cb17666e-731c-4e1d-9b2d-dcf2ecde7fce,Pejabat Cawangan MBMB Dataran 1Malaysia,"Lorong Dato 24, 31770 Melaka City, Melaka",Melaka,parsedFromAddress,2.173914,102.257194,Melaka,0.898309,0.898309,false,true,false,false,false,0,0,0,,,false,boundaryAdjacent,Outside all deployed and full-resolution geoBoundaries ADM1 land polygons; nearest boundary is Melaka at 0.898 km. Address state agrees; review coastal coordinate precision/source geocoding.
cb74628b-06d8-496f-a546-f3268d685e15,Utama Jaya Superstore,"Jalan Cendana 26, 52930 Kota Kinabalu, Sabah",Sabah,parsedFromAddress,6.000273,116.084687,Sabah,0.214088,0.214088,false,true,false,false,false,0,1,1,3b331bd7-50eb-4a91-a124-7dff1e4fee8e,17.33,false,duplicateOrNearDuplicateCoordinate,Outside all deployed and full-resolution geoBoundaries ADM1 land polygons; nearest boundary is Sabah at 0.214 km. 1 other record(s) occur within 75 m; review shared/near-shared site coordinates.
cd2d4384-5f42-43c5-9bae-c355c82db725,Kuantan City Mall,"Lorong Bahagia 13, 98800 Kuantan, Pahang",Pahang,parsedFromAddress,3.802857,103.342988,Pahang,0.173954,0.173954,false,true,false,false,false,0,0,1,,214.61,true,boundaryAdjacent,Outside all deployed and full-resolution geoBoundaries ADM1 land polygons; nearest boundary is Pahang at 0.174 km. Address state agrees; review coastal coordinate precision/source geocoding.
cd4df9f9-f2bb-4ee5-9b79-c262db0acbc7,Econsave Jeram,"Lorong Tun 5, 14900 Jeram, Kuala Selangor, Selangor",Selangor,parsedFromAddress,3.274989,101.242998,Selangor,3.442797,3.442797,false,true,false,false,false,0,0,0,,,false,requiresManualReview,"Outside all deployed and full-resolution geoBoundaries ADM1 land polygons; nearest boundary is Selangor at 3.443 km. Address state agrees, but the 2–5 km displacement is too large for automatic boundary-adjacent treatment."
cd5bd439-62aa-49cb-862e-38908d330e71,TRS Mart Sdn. Bhd,"Lorong Perdana 34, 01630 Kota Kinabalu, Sabah",Sabah,parsedFromAddress,5.990146,116.053785,Sabah,0.951985,0.951985,false,true,false,false,false,0,0,0,,,false,boundaryAdjacent,Outside all deployed and full-resolution geoBoundaries ADM1 land polygons; nearest boundary is Sabah at 0.952 km. Address state agrees; review coastal coordinate precision/source geocoding.
ce7d778d-c536-4aab-a58f-60aa8d77125e,Temu Primula Hotel,"Lebuh Rantau 35, 15660 Kuala Terengganu, Terengganu",Terengganu,parsedFromAddress,5.335239,103.160562,Terengganu,0.624954,0.624954,false,true,false,false,false,0,0,0,,,false,boundaryAdjacent,Outside all deployed and full-resolution geoBoundaries ADM1 land polygons; nearest boundary is Terengganu at 0.625 km. Address state agrees; review coastal coordinate precision/source geocoding.
ce830be9-a5b5-45fa-8e03-dbcccba785b4,Tanjung Piai,"Jalan Perdana 2, 25790 Tanjung Piai, Pontian, Johor",Johor,parsedFromAddress,1.275303,103.49694,Johor,0.117775,0.117775,false,true,false,false,true,0,0,0,,,false,missingGeometrySuspected,Outside all deployed and full-resolution geoBoundaries ADM1 land polygons; nearest boundary is Johor at 0.118 km. At least one independent ADM1 reference contains the coordinate; compare source geometries manually without automatic reassignment.
cf3493a1-51e9-42a1-a7d7-87615687b9f6,Casuarina@Pangkor,"Jalan Perdana 36, 20440 Pangkor Island, Perak",Perak,parsedFromAddress,4.228557,100.539372,Perak,0.237478,0.237478,false,true,false,false,false,0,0,0,,,false,boundaryAdjacent,Outside all deployed and full-resolution geoBoundaries ADM1 land polygons; nearest boundary is Perak at 0.237 km. Address state agrees; review coastal coordinate precision/source geocoding.
cf448cce-3568-43ea-8fc1-86a798f4f400,Sedili Kecil,"Jalan Merdeka 35, 20110 Kota Tinggi, Johor",Johor,parsedFromAddress,1.918147,104.124976,Johor,0.375093,0.375093,false,true,false,false,false,0,0,0,,,false,boundaryAdjacent,Outside all deployed and full-resolution geoBoundaries ADM1 land polygons; nearest boundary is Johor at 0.375 km. Address state agrees; review coastal coordinate precision/source geocoding.
d364d905-1e08-4204-bd0d-cb5760075a0a,Mayangsari Resort Dungun,"Jalan Padang Midin 18, 18660 Dungun, Terengganu",Terengganu,parsedFromAddress,4.762185,103.434514,Terengganu,1.237691,1.237691,false,true,false,false,false,0,0,0,,,false,boundaryAdjacent,Outside all deployed and full-resolution geoBoundaries ADM1 land polygons; nearest boundary is Terengganu at 1.238 km. Address state agrees; review coastal coordinate precision/source geocoding.
d369bb61-7f70-4b2d-a9c6-a7c6205b598a,THE LIGHT HOTEL,"Jalan Cendana 33, 30840 George Town, Penang",Penang,parsedFromAddress,5.4309,100.324691,Penang,0.24842,0.24842,false,true,false,false,false,0,0,2,,127.58,false,boundaryAdjacent,Outside all deployed and full-resolution geoBoundaries ADM1 land polygons; nearest boundary is Penang at 0.248 km. Address state agrees; review coastal coordinate precision/source geocoding.
d42bbbee-e3bd-4c17-90a3-8a4dcadc4495,STARBUCKS ICON CITY,"Jalan Cempaka 1, 37840 Simpang Ampat, Penang",Penang,parsedFromAddress,5.333374,100.400815,Penang,0.480571,0.480571,false,true,false,false,false,0,0,0,,,false,boundaryAdjacent,Outside all deployed and full-resolution geoBoundaries ADM1 land polygons; nearest boundary is Penang at 0.481 km. Address state agrees; review coastal coordinate precision/source geocoding.
d4c68f28-fcdd-4840-8c24-a8405d5a5f91,THE EDISON GEORGE TOWN,"Jalan Besar 5, 11310 George Town, Penang",Penang,parsedFromAddress,5.430561,100.330341,Penang,0.593077,0.593077,false,true,false,false,false,0,0,1,,141.25,false,boundaryAdjacent,Outside all deployed and full-resolution geoBoundaries ADM1 land polygons; nearest boundary is Penang at 0.593 km. Address state agrees; review coastal coordinate precision/source geocoding.
d668dd56-752a-46eb-9c91-066b76865d09,Lotus's,"Jalan Kristal 39, 87700 George Town, Penang",Penang,parsedFromAddress,5.421276,100.346912,Penang,0.083634,0.083634,false,true,false,false,false,0,0,2,,148.03,false,boundaryAdjacent,Outside all deployed and full-resolution geoBoundaries ADM1 land polygons; nearest boundary is Penang at 0.084 km. Address state agrees; review coastal coordinate precision/source geocoding.
da9e730d-585a-4af9-ad2d-48e0d06540f3,Petronas Padang Besar,"Lebuh Bahagia 22, 84540 Padang Besar, Perlis",Perlis,parsedFromAddress,6.667436,100.310112,Perlis,0.101742,0.101742,false,true,false,false,true,0,0,0,,,true,missingGeometrySuspected,Outside all deployed and full-resolution geoBoundaries ADM1 land polygons; nearest boundary is Perlis at 0.102 km. At least one independent ADM1 reference contains the coordinate; compare source geometries manually without automatic reassignment.
dbd0cadd-3360-4f81-a529-4a06fbd20aff,Canal Park,"Jalan Harmoni 5, 10740 Johor Bahru, Johor",Johor,parsedFromAddress,1.47303,103.723165,Johor,0.067022,0.067022,false,true,false,true,false,0,0,1,,226.74,false,missingGeometrySuspected,Outside all deployed and full-resolution geoBoundaries ADM1 land polygons; nearest boundary is Johor at 0.067 km. At least one independent ADM1 reference contains the coordinate; compare source geometries manually without automatic reassignment.
dc09a5f3-dfa6-4c3e-9b37-f51a42fa292a,STARBUCKS JURU,"Jalan Tun Razak 39, 88550 Juru, Penang",Penang,parsedFromAddress,5.2841,100.402892,Penang,1.633115,1.633115,false,true,false,false,false,0,1,1,79c07da0-6ae8-4a3d-bd0a-6ff104eea13f,23.51,false,duplicateOrNearDuplicateCoordinate,Outside all deployed and full-resolution geoBoundaries ADM1 land polygons; nearest boundary is Penang at 1.633 km. 1 other record(s) occur within 75 m; review shared/near-shared site coordinates.
ddc20fcd-08b4-46d6-a7e2-7cd7523a6294,Tunas Manja Supermarket Tanjung Gemok,"Lorong Baru 38, 37690 Rompin, Pahang",Pahang,parsedFromAddress,2.922809,103.619567,Pahang,18.565376,18.565376,false,true,false,false,false,0,0,0,,,false,offshoreOrOutsideMalaysia,Outside all deployed and full-resolution geoBoundaries ADM1 land polygons; nearest boundary is Pahang at 18.565 km. Large displacement requires source-coordinate verification.
e2a92770-d044-4257-b344-da60674c2d90,Mercato Island Plaza,"Lorong Angsana 20, 62360 Tanjung Tokong, Penang",Penang,parsedFromAddress,5.441211,100.32556,Penang,1.219465,1.219465,false,true,false,false,false,0,0,3,,162.45,false,boundaryAdjacent,Outside all deployed and full-resolution geoBoundaries ADM1 land polygons; nearest boundary is Penang at 1.219 km. Address state agrees; review coastal coordinate precision/source geocoding.
e3b18126-d6c6-4faf-80ae-d2bb4b26095d,WINDMILL UPON HILLS,"Lebuh Bukit 27, 44830 Kuantan, Pahang",Pahang,parsedFromAddress,3.792674,103.341445,Pahang,0.166988,0.166988,false,true,false,false,false,0,0,1,,248.4,false,boundaryAdjacent,Outside all deployed and full-resolution geoBoundaries ADM1 land polygons; nearest boundary is Pahang at 0.167 km. Address state agrees; review coastal coordinate precision/source geocoding.
e4485522-6dde-44c5-8c5c-73ca45f7d03a,SKYRIDGE GARDEN CONDO (RESIDENTS ONLY),"Lebuh Bukit 23, 83890 George Town, Penang",Penang,parsedFromAddress,5.433866,100.339332,Penang,1.141831,1.141831,false,true,false,false,false,0,1,1,21239bdd-1d16-4858-beeb-f36f0a9e193a,58.53,false,duplicateOrNearDuplicateCoordinate,Outside all deployed and full-resolution geoBoundaries ADM1 land polygons; nearest boundary is Penang at 1.142 km. 1 other record(s) occur within 75 m; review shared/near-shared site coordinates.
e5f0b0bd-a53a-4a83-b120-576568e69a2e,Kg Rhu - Shell,"Jalan Bukit Bunga 40, 20300 Kuala Terengganu, Terengganu",Terengganu,parsedFromAddress,5.341311,103.158628,Terengganu,0.481526,0.481526,false,true,false,false,false,0,0,1,,158.48,false,boundaryAdjacent,Outside all deployed and full-resolution geoBoundaries ADM1 land polygons; nearest boundary is Terengganu at 0.482 km. Address state agrees; review coastal coordinate precision/source geocoding.
e7e43fb5-1d5c-40f7-ae3c-f7007d71c718,Sabah International Convention Centre,"Jalan Wawasan 30, 02990 Kota Kinabalu, Sabah",Sabah,parsedFromAddress,5.976294,116.066545,Sabah,0.110514,0.110514,false,true,false,false,false,0,0,0,,,false,boundaryAdjacent,Outside all deployed and full-resolution geoBoundaries ADM1 land polygons; nearest boundary is Sabah at 0.111 km. Address state agrees; review coastal coordinate precision/source geocoding.
e85f4ab5-b3c2-4003-92e8-86f96d0d62b7,PEKIN RESTAURANT SUTERA MALL,"Jalan Impian 9, 75460 Taman Sutera, Johor Bahru, Johor",Johor,parsedFromAddress,1.486006,103.795015,Johor,0.032888,0.032888,false,true,false,true,false,0,0,0,,,false,missingGeometrySuspected,Outside all deployed and full-resolution geoBoundaries ADM1 land polygons; nearest boundary is Johor at 0.033 km. At least one independent ADM1 reference contains the coordinate; compare source geometries manually without automatic reassignment.
e8695c1d-8031-47a7-91fe-6a1eff79a23a,Kudat District Office,"Persiaran Tanjung 3, 75930 Kudat, Sabah",Sabah,parsedFromAddress,6.873377,116.829743,Sabah,1.135952,1.135952,false,true,false,false,false,0,0,0,,,false,boundaryAdjacent,Outside all deployed and full-resolution geoBoundaries ADM1 land polygons; nearest boundary is Sabah at 1.136 km. Address state agrees; review coastal coordinate precision/source geocoding.
e8fa88c1-e228-4475-905a-8812cb0ca2c7,Pengkalan Kubo Mall,"Jalan Kenanga 16, 41850 Pengkalan Kubor, Tumpat, Kelantan",Kelantan,parsedFromAddress,6.223059,102.149098,Kelantan,0.545518,0.545518,false,true,false,false,false,0,0,0,,,false,boundaryAdjacent,Outside all deployed and full-resolution geoBoundaries ADM1 land polygons; nearest boundary is Kelantan at 0.546 km. Address state agrees; review coastal coordinate precision/source geocoding.
ec6598c8-87d0-4d7d-952b-790957de41fb,Shell,"Lorong Sri 20, 42930 George Town, Penang",Penang,parsedFromAddress,5.427041,100.334841,Penang,0.361705,0.361705,false,true,false,false,false,0,0,4,,123.24,false,boundaryAdjacent,Outside all deployed and full-resolution geoBoundaries ADM1 land polygons; nearest boundary is Penang at 0.362 km. Address state agrees; review coastal coordinate precision/source geocoding.
ef482da4-bad9-43e3-a5f8-c708bf43f450,STERLING BOUTIQUE HOTEL MELAKA,"Jalan Merdeka 38, 38690 Melaka City, Melaka",Melaka,parsedFromAddress,2.176937,102.237009,Melaka,1.22517,1.22517,false,true,false,false,false,0,0,2,,100.84,false,boundaryAdjacent,Outside all deployed and full-resolution geoBoundaries ADM1 land polygons; nearest boundary is Melaka at 1.225 km. Address state agrees; review coastal coordinate precision/source geocoding.
eff20006-e372-4f89-8335-3a3ff0f651d4,PETRONAS Jeram,"Jalan Merdeka 21, 42600 Jeram, Kuala Selangor, Selangor",Selangor,parsedFromAddress,3.278574,101.253325,Selangor,2.318217,2.318217,false,true,false,false,false,0,0,0,,,false,requiresManualReview,"Outside all deployed and full-resolution geoBoundaries ADM1 land polygons; nearest boundary is Selangor at 2.318 km. Address state agrees, but the 2–5 km displacement is too large for automatic boundary-adjacent treatment."
f1006ede-e361-45bd-9a3d-81bda9cfb8e0,RAFFEL TOWER @ MINDEN HEIGHTS PENANG,"Persiaran Raya 1, 79170 Minden Heights, Gelugor, Penang",Penang,parsedFromAddress,5.362596,100.319716,Penang,0.230869,0.230869,false,true,false,false,false,0,0,0,,,false,boundaryAdjacent,Outside all deployed and full-resolution geoBoundaries ADM1 land polygons; nearest boundary is Penang at 0.231 km. Address state agrees; review coastal coordinate precision/source geocoding.
f26e7345-57af-4484-8202-5a830d2e366d,SHELL PAKA R&R SOUTHBOUND,"Lebuh Padang Midin 19, 22120 Paka, Dungun, Terengganu",Terengganu,parsedFromAddress,4.623377,103.452909,Terengganu,0.926606,0.926606,false,true,false,false,false,0,0,0,,,false,boundaryAdjacent,Outside all deployed and full-resolution geoBoundaries ADM1 land polygons; nearest boundary is Terengganu at 0.927 km. Address state agrees; review coastal coordinate precision/source geocoding.
f2dd4036-ab4a-4ff1-990c-61fb9c1b9edd,ONE IMPERIAL CONDO,"Jalan Bahagia 22, 65070 George Town, Penang",Penang,parsedFromAddress,5.395106,100.342301,Penang,1.099604,1.099604,false,true,false,false,false,0,0,0,,,true,boundaryAdjacent,Outside all deployed and full-resolution geoBoundaries ADM1 land polygons; nearest boundary is Penang at 1.100 km. Address state agrees; review coastal coordinate precision/source geocoding.
f37c2e3c-8ff7-4079-bf97-f5a1630ac0ab,Servay Express Ketiau,"Jalan Damai 30, 57970 Kota Kinabalu, Sabah",Sabah,parsedFromAddress,5.986133,116.069631,Sabah,0.372644,0.372644,false,true,false,false,false,0,0,0,,,false,boundaryAdjacent,Outside all deployed and full-resolution geoBoundaries ADM1 land polygons; nearest boundary is Sabah at 0.373 km. Address state agrees; review coastal coordinate precision/source geocoding.
f3af434c-37a5-4477-bc9e-09994dd6cfe6,STARBUCKS MEGAMALL KUANTAN,"Jalan Indah 34, 31670 Kuantan, Pahang",Pahang,parsedFromAddress,3.798263,103.343169,Pahang,0.26704,0.26704,false,true,false,false,false,0,0,0,,,true,boundaryAdjacent,Outside all deployed and full-resolution geoBoundaries ADM1 land polygons; nearest boundary is Pahang at 0.267 km. Address state agrees; review coastal coordinate precision/source geocoding.
f42f3d64-8b2a-49f7-abd2-c1f6287623ae,SRI SAYANG,"Lebuh Indah 24, 23850 George Town, Penang",Penang,parsedFromAddress,5.395932,100.330157,Penang,0.137706,0.137706,false,true,false,false,false,0,0,1,,132.97,true,boundaryAdjacent,Outside all deployed and full-resolution geoBoundaries ADM1 land polygons; nearest boundary is Penang at 0.138 km. Address state agrees; review coastal coordinate precision/source geocoding.
f476e0f5-ba0c-46f7-822c-bd341b07674e,NIGELLA PARK FOREST CITY,"Jalan Sri 25, 95090 Forest City, Gelang Patah, Johor",Johor,parsedFromAddress,1.343258,103.63371,Johor,2.195308,2.195308,false,true,false,false,false,0,0,0,,,false,requiresManualReview,"Outside all deployed and full-resolution geoBoundaries ADM1 land polygons; nearest boundary is Johor at 2.195 km. Address state agrees, but the 2–5 km displacement is too large for automatic boundary-adjacent treatment."
f8dbdc20-848d-4625-be9e-780855d7d252,Shell,"Jalan Melor 24, 24180 George Town, Penang",Penang,parsedFromAddress,5.424923,100.340719,Penang,0.167468,0.167468,false,true,false,false,false,0,0,1,,113.84,false,boundaryAdjacent,Outside all deployed and full-resolution geoBoundaries ADM1 land polygons; nearest boundary is Penang at 0.167 km. Address state agrees; review coastal coordinate precision/source geocoding.
fb539a84-84be-4ae8-b0c5-a6734ad2edfd,Bataras Pasaraya Pemborong,"Lebuh Sri 20, 87500 Kota Kinabalu, Sabah",Sabah,parsedFromAddress,5.992299,116.075329,Sabah,0.279376,0.279376,false,true,false,false,false,0,0,2,,194.26,false,boundaryAdjacent,Outside all deployed and full-resolution geoBoundaries ADM1 land polygons; nearest boundary is Sabah at 0.279 km. Address state agrees; review coastal coordinate precision/source geocoding.
fc71279b-0986-43c0-8fe9-4060cf6205be,BHPetrol Station,"Jalan Kristal 9, 90230 George Town, Penang",Penang,parsedFromAddress,5.425528,100.345551,Penang,0.444531,0.444531,false,true,false,false,false,0,0,3,,178.66,false,boundaryAdjacent,Outside all deployed and full-resolution geoBoundaries ADM1 land polygons; nearest boundary is Penang at 0.445 km. Address state agrees; review coastal coordinate precision/source geocoding.
fcfc3cb2-ea22-4a58-8f3a-5989180b091c,100% MART Bekenu,"Jalan Kenanga 9, 16450 Bekenu, Miri, Sarawak",Sarawak,parsedFromAddress,4.330093,113.885019,Sarawak,8.272213,8.272213,false,true,false,false,false,0,0,0,,,false,offshoreOrOutsideMalaysia,Outside all deployed and full-resolution geoBoundaries ADM1 land polygons; nearest boundary is Sarawak at 8.272 km. Large displacement requires source-coordinate verification.
ff3b9178-37a9-4240-8597-3ffec84d526c,Petronas - Jalan Sungai Jati,"50, Jalan Kapar, Jeram, 45800 Kuala Selangor, Selangor",Selangor,parsedFromAddress,3.232238,101.300493,Selangor,0.115431,0.115431,false,true,false,false,false,0,0,0,,,false,boundaryAdjacent,Outside all deployed and full-resolution geoBoundaries ADM1 land polygons; nearest boundary is Selangor at 0.115 km. Address state agrees; review coastal coordinate precision/source geocoding.
